TABL. III. LUDNOŚĆ, RUCH NATURALNY ORAZ MIGRACJE LUDNOŚCI WEDŁUG POWIATÓW W 2024 R.;;;;;;;;;;;;;;;;;;;;;;;
                  POPULATION, VITAL STATISTICS AND MIGRATION OF POPULATION BY POWIATS IN 2024.;;;;;;;;;;;;;;;;;;;;;;;
;;;;;;;;;;;;;;;;;;;;;;;
"Województwa 
Voivodships
Powiaty
Powiats";"Identyfikator terytorialny
Code";"Ludność
(stan w dniu 31.12)
Population
(as of 
December 31)";"Małżeń-stwa 
Marriages";"Urodzenia żywe 
Live births";"Zgony   
Deaths";;"Przyrost naturalny 
Natural increase";"Migracje wewnętrzne 
Internal migration";;;"Migracje zagraniczne
International migration";;;"Ogólne saldo migracji
Total net migration";"Małżeń-stwa 
Marriages";"Urodzenia żywe 
Live births";"Zgony 
Deaths";"Przyrost naturalny
Natural increase";"Ogólne saldo migracji 
Total net migration";"Zgony niemowląt na 1000 urodzeń żywych
Infant deaths per 1000 of live births";;;
;;;;;"ogółem 
total";"w tym niemowląt 
of which infant";;"napływ 
inflow";"odpływ 
outflow";"saldo 
net";"imigracja 
immigra-tion";"emigracja 
emigra-tion";"saldo 
net";;;;;;;;;;
;;;;;;;;;;;;;;;"na 1000 ludności    
per 1000 of population";;;;;;;;
;;;;;;;;;;;;;;;;;;;;;;;
"POLSKA
POLAND";;37489087;135402;251782;408504;898;-156722;430262;430262;-;19515;10214;9301;9301;3,6;6,7;10,9;-4,2;0,2;3,6;;;
WOJ. DOLNOŚLĄSKIE;       ;2868242;10920;18194;32463;81;-14269;39057;35478;3579;1549;1130;419;3998;3,8;6,3;11,3;-5,0;1,4;4,5;;;
 bolesławiecki;0201;87255;314;518;936;2;-418;1191;1147;44;36;34;2;46;3,6;5,9;10,7;-4,8;0,5;3,9;;;
 dzierżoniowski;0202;93863;250;466;1234;3;-768;846;941;-95;49;74;-25;-120;2,7;4,9;13,1;-8,1;-1,3;6,4;;;
 głogowski;0203;84387;318;507;915;1;-408;995;1190;-195;26;7;19;-176;3,8;6,0;10,8;-4,8;-2,1;2,0;;;
 górowski;0204;32054;96;200;426;-;-226;329;491;-162;9;2;7;-155;3,0;6,2;13,2;-7,0;-4,8;-;;;
 jaworski;0205;46822;124;226;558;1;-332;468;542;-74;8;2;6;-68;2,6;4,8;11,9;-7,1;-1,4;4,4;;;
 karkonoski;0206;59864;175;216;840;-;-624;932;752;180;38;63;-25;155;2,9;3,6;13,9;-10,4;2,6;-;;;
 kamiennogórski;0207;39875;90;197;519;1;-322;371;512;-141;19;11;8;-133;2,2;4,9;13,0;-8,0;-3,3;5,1;;;
 kłodzki;0208;145243;438;645;2092;4;-1447;1540;1709;-169;74;195;-121;-290;3,0;4,4;14,3;-9,9;-2,0;6,2;;;
 legnicki;0209;54967;150;352;663;-;-311;1000;762;238;24;54;-30;208;2,7;6,4;12,0;-5,6;3,8;-;;;
 lubański;0210;50909;158;234;578;-;-344;578;709;-131;22;7;15;-116;3,1;4,6;11,3;-6,7;-2,3;-;;;
 lubiński;0211;102376;369;618;1058;2;-440;1543;1614;-71;16;17;-1;-72;3,6;6,0;10,3;-4,3;-0,7;3,2;;;
 lwówecki;0212;42465;124;204;519;1;-315;545;608;-63;10;5;5;-58;2,9;4,8;12,2;-7,4;-1,4;4,9;;;
 milicki;0213;35396;124;230;448;1;-218;426;447;-21;12;-;12;-9;3,5;6,5;12,6;-6,1;-0,3;4,3;;;
 oleśnicki;0214;106706;359;705;1060;1;-355;2037;1543;494;56;22;34;528;3,4;6,6;9,9;-3,3;5,0;1,4;;;
 oławski;0215;77387;296;569;764;2;-195;1099;955;144;24;7;17;161;3,8;7,3;9,9;-2,5;2,1;3,5;;;
 polkowicki;0216;60913;235;379;602;4;-223;930;957;-27;22;16;6;-21;3,8;6,2;9,9;-3,7;-0,3;10,6;;;
 strzeliński;0217;41473;127;255;489;3;-234;471;535;-64;9;4;5;-59;3,1;6,1;11,8;-5,6;-1,4;11,8;;;
 średzki;0218;59713;210;436;555;3;-119;1357;629;728;32;4;28;756;3,5;7,3;9,3;-2,0;12,7;6,9;;;
 świdnicki;0219;149312;471;852;1849;3;-997;1844;1903;-59;102;143;-41;-100;3,1;5,7;12,3;-6,7;-0,7;3,5;;;
 trzebnicki;0220;87765;291;603;967;5;-364;1533;1033;500;33;3;30;530;3,3;6,9;11,0;-4,1;6,0;8,3;;;
 wałbrzyski;0221;52275;167;223;680;-;-457;764;685;79;11;5;6;85;3,2;4,2;12,9;-8,7;1,6;-;;;
 wołowski;0222;45112;157;285;596;1;-311;620;631;-11;22;25;-3;-14;3,5;6,3;13,2;-6,9;-0,3;3,5;;;
 wrocławski;0223;191110;725;1701;1291;9;410;5701;2208;3493;161;25;136;3629;3,8;9,0;6,8;2,2;19,1;5,3;;;
 ząbkowicki;0224;59803;196;296;908;1;-612;652;754;-102;21;8;13;-89;3,3;4,9;15,1;-10,2;-1,5;3,4;;;
 zgorzelecki;0225;84337;271;378;1092;2;-714;1066;1154;-88;99;76;23;-65;3,2;4,5;12,9;-8,4;-0,8;5,3;;;
 złotoryjski;0226;40213;126;195;432;1;-237;414;543;-129;12;14;-2;-131;3,1;4,8;10,7;-5,9;-3,2;5,1;;;
M.Jelenia Góra;0261;74194;266;333;1027;2;-694;591;834;-243;31;52;-21;-264;3,6;4,5;13,8;-9,3;-3,5;6,0;;;
M.Legnica;0262;90823;322;544;1134;5;-590;635;1128;-493;78;32;46;-447;3,5;6,0;12,4;-6,5;-4,9;9,2;;;
M.Wrocław;0264;672882;3674;5372;6672;23;-1300;7983;7631;352;461;183;278;630;5,5;8,0;9,9;-1,9;0,9;4,3;;;
M.Wałbrzych;0265;98748;297;455;1559;-;-1104;596;931;-335;32;40;-8;-343;3,0;4,6;15,7;-11,1;-3,4;-;;;
WOJ. KUJAWSKO-POMORSKIE;       ;1984479;6938;12110;21948;43;-9838;22260;24249;-1989;699;461;238;-1751;3,5;6,1;11,0;-4,9;-0,9;3,6;;;
 aleksandrowski;0401;53086;195;342;713;1;-371;743;753;-10;11;-;11;1;3,7;6,4;13,4;-7,0;0,0;2,9;;;
 brodnicki;0402;77345;263;557;788;1;-231;928;1103;-175;30;12;18;-157;3,4;7,2;10,2;-3,0;-2,0;1,8;;;
 bydgoski;0403;127915;469;742;1073;4;-331;2727;1429;1298;41;25;16;1314;3,7;5,8;8,4;-2,6;10,3;5,4;;;
 chełmiński;0404;48715;135;259;444;3;-185;402;579;-177;9;41;-32;-209;2,8;5,3;9,1;-3,8;-4,3;11,6;;;
 golubsko-dobrzyński;0405;42998;134;296;449;1;-153;507;566;-59;8;4;4;-55;3,1;6,9;10,4;-3,5;-1,3;3,4;;;
 grudziądzki;0406;39123;89;214;357;1;-143;594;490;104;10;27;-17;87;2,3;5,5;9,1;-3,7;2,2;4,7;;;
 inowrocławski;0407;149000;488;804;1911;3;-1107;1452;1841;-389;34;20;14;-375;3,3;5,4;12,8;-7,4;-2,5;3,7;;;
 lipnowski;0408;62058;204;422;719;1;-297;703;924;-221;19;2;17;-204;3,3;6,8;11,5;-4,8;-3,3;2,4;;;
 mogileński;0409;43209;139;256;457;1;-201;554;707;-153;10;8;2;-151;3,2;5,9;10,5;-4,6;-3,5;3,9;;;
 nakielski;0410;82435;279;478;823;1;-345;929;1053;-124;22;36;-14;-138;3,4;5,8;10,0;-4,2;-1,7;2,1;;;
 radziejowski;0411;37331;127;217;460;1;-243;336;553;-217;9;4;5;-212;3,4;5,8;12,2;-6,5;-5,6;4,6;;;
 rypiński;0412;40798;118;244;462;1;-218;442;612;-170;5;2;3;-167;2,9;6,0;11,3;-5,3;-4,1;4,1;;;
 sępoleński;0413;38633;123;243;377;3;-134;458;543;-85;9;4;5;-80;3,2;6,3;9,7;-3,5;-2,1;12,3;;;
 świecki;0414;94358;300;592;1007;1;-415;1004;1103;-99;37;36;1;-98;3,2;6,3;10,6;-4,4;-1,0;1,7;;;
 toruński;0415;114956;372;733;946;3;-213;2260;1397;863;42;8;34;897;3,2;6,4;8,3;-1,9;7,8;4,1;;;
 tucholski;0416;46763;159;341;463;2;-122;383;461;-78;10;15;-5;-83;3,4;7,3;9,9;-2,6;-1,8;5,9;;;
 wąbrzeski;0417;32155;90;212;328;1;-116;324;438;-114;5;17;-12;-126;2,8;6,6;10,2;-3,6;-3,9;4,7;;;
 włocławski;0418;81591;290;497;1009;1;-512;1072;1128;-56;14;1;13;-43;3,5;6,1;12,3;-6,3;-0,5;2,0;;;
 żniński;0419;67080;230;408;747;1;-339;823;900;-77;19;25;-6;-83;3,4;6,1;11,1;-5,0;-1,2;2,5;;;
M.Bydgoszcz;0461;324043;1302;2000;3843;6;-1843;2345;3507;-1162;167;96;71;-1091;4,0;6,2;11,8;-5,7;-3,4;3,0;;;
M.Grudziądz;0462;87696;346;532;1178;1;-646;630;839;-209;40;16;24;-185;3,9;6,0;13,4;-7,3;-2,1;1,9;;;
M.Toruń;0463;193717;781;1235;2105;3;-870;2016;2168;-152;135;61;74;-78;4,0;6,4;10,8;-4,5;-0,4;2,4;;;
M.Włocławek;0464;99474;305;486;1289;2;-803;628;1155;-527;13;1;12;-515;3,0;4,9;12,9;-8,0;-5,1;4,1;;;
WOJ. LUBELSKIE;;1996440;6549;12552;22393;69;-9841;21252;26446;-5194;703;332;371;-4823;3,3;6,3;11,2;-4,9;-2,4;5,5;;;
 bialski;0601;104108;365;733;1221;-;-488;1173;1435;-262;40;18;22;-240;3,5;7,0;11,7;-4,7;-2,3;-;;;
 biłgorajski;0602;95219;248;544;1074;2;-530;758;1177;-419;28;14;14;-405;2,6;5,7;11,2;-5,5;-4,2;3,7;;;
 chełmski;0603;73117;286;410;841;2;-431;973;1127;-154;28;20;8;-146;3,9;5,6;11,4;-5,9;-2,0;4,9;;;
 hrubieszowski;0604;55911;154;248;744;5;-496;452;905;-453;13;9;4;-449;2,7;4,4;13,2;-8,8;-8,0;20,2;;;
 janowski;0605;42260;154;266;509;1;-243;263;550;-287;7;1;6;-281;3,6;6,3;12,0;-5,7;-6,6;3,8;;;
 krasnostawski;0606;58307;162;287;794;3;-507;520;795;-275;8;5;3;-272;2,8;4,9;13,5;-8,7;-4,6;10,5;;;
 kraśnicki;0607;88198;251;441;1033;3;-592;630;1046;-416;15;7;8;-408;2,8;5,0;11,6;-6,7;-4,6;6,8;;;
 lubartowski;0608;83385;246;552;967;-;-415;888;1141;-253;16;4;12;-241;2,9;6,6;11,6;-5,0;-2,9;-;;;
 lubelski;0609;165359;501;1095;1583;3;-488;3180;1817;1363;51;30;21;1384;3,0;6,6;9,6;-3,0;8,4;2,7;;;
 łęczyński;0610;55531;160;403;548;-;-145;768;802;-34;12;16;-4;-38;2,9;7,2;9,8;-2,6;-0,7;-;;;
 łukowski;0611;100230;355;831;1042;4;-211;776;1272;-496;18;1;17;-479;3,5;8,3;10,4;-2,1;-4,8;4,8;;;
 opolski;0612;55078;154;305;677;2;-372;493;732;-239;7;6;1;-238;2,8;5,5;12,2;-6,7;-4,3;6,6;;;
 parczewski;0613;31832;106;182;360;-;-178;312;485;-173;8;14;-6;-179;3,3;5,7;11,2;-5,6;-5,6;-;;;
 puławski;0614;106181;290;587;1304;4;-717;1077;1271;-194;25;11;14;-180;2,7;5,5;12,2;-6,7;-1,7;6,8;;;
 radzyński;0615;54531;199;355;611;3;-256;522;791;-269;9;3;6;-263;3,6;6,5;11,2;-4,7;-4,8;8,5;;;
 rycki;0616;50898;180;324;606;3;-282;427;823;-396;1;5;-4;-400;3,5;6,3;11,8;-5,5;-7,8;9,3;;;
 świdnicki;0617;68991;225;425;844;2;-419;956;829;127;41;37;4;131;3,3;6,1;12,2;-6,1;1,9;4,7;;;
 tomaszowski;0618;76155;241;400;856;5;-456;712;1202;-490;28;26;2;-488;3,2;5,2;11,2;-6,0;-6,4;12,5;;;
 włodawski;0619;34989;120;196;459;1;-263;454;600;-146;7;6;1;-145;3,4;5,6;13,0;-7,5;-4,1;5,1;;;
 zamojski;0620;100017;271;531;1200;8;-669;1112;1226;-114;31;7;24;-90;2,7;5,3;12,0;-6,7;-0,9;15,1;;;
M.Biała Podlaska;0661;53888;156;376;522;-;-146;433;841;-408;32;2;30;-378;2,9;6,9;9,6;-2,7;-7,0;-;;;
M.Chełm;0662;56434;159;279;607;3;-328;427;850;-423;29;23;6;-417;2,8;4,9;10,7;-5,8;-7,3;10,8;;;
M.Lublin;0663;328305;1417;2469;3404;15;-935;3424;3849;-425;232;64;168;-257;4,3;7,5;10,4;-2,8;-0,8;6,1;;;
M.Zamość;0664;57516;149;313;587;-;-274;522;880;-358;17;3;14;-344;2,6;5,4;10,1;-4,7;-5,9;-;;;
WOJ. LUBUSKIE;;969819;3400;5850;10663;11;-4813;10875;11909;-1034;630;349;281;-753;3,5;6,0;11,0;-5,0;-0,8;1,9;;;
 gorzowski;0801;74079;216;456;734;-;-278;1404;830;574;36;14;22;596;2,9;6,2;9,9;-3,7;8,0;-;;;
 krośnieński;0802;52187;159;295;597;-;-302;557;701;-144;23;29;-6;-150;3,0;5,6;11,4;-5,8;-2,9;-;;;
 międzyrzecki;0803;54439;188;321;663;-;-342;590;696;-106;16;18;-2;-108;3,4;5,9;12,1;-6,3;-2,0;-;;;
 nowosolski;0804;81809;259;521;936;2;-415;1070;1121;-51;45;28;17;-34;3,2;6,4;11,4;-5,1;-0,4;3,8;;;
 słubicki;0805;45679;182;261;455;-;-194;588;581;7;65;33;32;39;4,0;5,7;9,9;-4,2;0,9;-;;;
 strzelecko-drezdenecki;0806;46204;129;277;530;1;-253;472;622;-150;19;24;-5;-155;2,8;6,0;11,4;-5,4;-3,3;3,6;;;
 sulęciński;0807;33191;91;188;424;1;-236;421;451;-30;7;1;6;-24;2,7;5,6;12,7;-7,1;-0,7;5,3;;;
 świebodziński;0808;53609;185;389;544;1;-155;557;717;-160;49;14;35;-125;3,4;7,2;10,1;-2,9;-2,3;2,6;;;
 zielonogórski;0809;74754;248;473;783;2;-310;1050;994;56;32;14;18;74;3,3;6,3;10,4;-4,1;1,0;4,2;;;
 żagański;0810;72933;250;362;825;1;-463;783;1053;-270;25;57;-32;-302;3,4;4,9;11,3;-6,3;-4,1;2,8;;;
 żarski;0811;90364;299;515;1077;-;-562;887;1140;-253;22;24;-2;-255;3,3;5,7;11,9;-6,2;-2,8;-;;;
 wschowski;0812;37002;130;213;394;-;-181;343;458;-115;8;1;7;-108;3,5;5,7;10,6;-4,9;-2,9;-;;;
M.Gorzów Wielkopolski;0861;114700;524;687;1323;3;-636;813;1427;-614;71;41;30;-584;4,6;6,0;11,5;-5,6;-5,1;4,4;;;
M.Zielona Góra;0862;138869;540;892;1378;-;-486;1340;1118;222;212;51;161;383;3,9;6,4;9,9;-3,5;2,8;-;;;
WOJ. ŁÓDZKIE;;2345924;8273;14851;30046;51;-15195;22474;24283;-1809;731;322;409;-1400;3,5;6,3;12,8;-6,5;-0,6;3,4;;;
 bełchatowski;1001;108003;371;625;1026;1;-401;1377;1554;-177;37;18;19;-158;3,4;5,8;9,5;-3,7;-1,5;1,6;;;
 kutnowski;1002;89709;287;545;1383;8;-838;945;1129;-184;15;8;7;-177;3,2;6,0;15,3;-9,3;-2,0;14,7;;;
 łaski;1003;48498;141;284;546;2;-262;606;544;62;17;7;10;72;2,9;5,8;11,2;-5,4;1,5;7,0;;;
 łęczycki;1004;46137;143;320;645;3;-325;347;510;-163;10;1;9;-154;3,1;6,9;13,9;-7,0;-3,3;9,4;;;
 łowicki;1005;73368;245;507;919;2;-412;582;792;-210;9;6;3;-207;3,3;6,9;12,5;-5,6;-2,8;3,9;;;
 łódzki wschodni;1006;75149;231;426;786;1;-360;1579;758;821;17;3;14;835;3,1;5,7;10,5;-4,8;11,1;2,3;;;
 opoczyński;1007;71234;231;500;803;1;-303;666;918;-252;11;24;-13;-265;3,2;7,0;11,2;-4,2;-3,7;2,0;;;
 pabianicki;1008;118704;386;666;1545;3;-879;1801;1289;512;35;10;25;537;3,2;5,6;13,0;-7,4;4,5;4,5;;;
 pajęczański;1009;48086;161;297;548;2;-251;389;618;-229;11;2;9;-220;3,3;6,1;11,3;-5,2;-4,6;6,7;;;
 piotrkowski;1010;89717;254;577;1058;1;-481;944;877;67;16;2;14;81;2,8;6,4;11,8;-5,3;0,9;1,7;;;
 poddębicki;1011;39169;135;295;532;1;-237;417;401;16;8;-;8;24;3,4;7,5;13,5;-6,0;0,6;3,4;;;
 radomszczański;1012;105623;338;645;1383;4;-738;1049;1286;-237;15;31;-16;-253;3,2;6,1;13,0;-7,0;-2,4;6,2;;;
 rawski;1013;45664;170;333;578;2;-245;420;546;-126;2;3;-1;-127;3,7;7,3;12,6;-5,3;-2,8;6,0;;;
 sieradzki;1014;110665;374;744;1301;2;-557;970;1285;-315;11;6;5;-310;3,4;6,7;11,7;-5,0;-2,8;2,7;;;
 skierniewicki;1015;37670;136;274;434;-;-160;442;390;52;2;2;-;52;3,6;7,3;11,5;-4,2;1,4;-;;;
 tomaszowski;1016;109588;372;667;1551;4;-884;983;1160;-177;24;12;12;-165;3,4;6,1;14,1;-8,0;-1,5;6,0;;;
 wieluński;1017;72013;235;476;918;1;-442;666;830;-164;14;12;2;-162;3,3;6,6;12,7;-6,1;-2,2;2,1;;;
 wieruszowski;1018;41295;160;297;469;1;-172;458;433;25;11;2;9;34;3,9;7,2;11,3;-4,2;0,8;3,4;;;
 zduńskowolski;1019;62876;177;368;724;-;-356;574;631;-57;21;6;15;-42;2,8;5,8;11,5;-5,6;-0,7;-;;;
 zgierski;1020;165840;588;954;2031;1;-1077;2432;1789;643;44;7;37;680;3,5;5,7;12,2;-6,5;4,1;1,0;;;
 brzeziński;1021;30080;111;206;348;-;-142;395;336;59;9;4;5;64;3,7;6,8;11,6;-4,7;2,1;-;;;
M.Łódź;1061;645693;2645;4146;9218;10;-5072;3641;5078;-1437;359;150;209;-1228;4,1;6,4;14,2;-7,8;-1,9;2,4;;;
M.Piotrków Trybunalski;1062;66022;231;421;788;1;-367;455;688;-233;29;4;25;-208;3,5;6,4;11,9;-5,5;-3,1;2,4;;;
M.Skierniewice;1063;45121;151;278;512;-;-234;336;441;-105;4;2;2;-103;3,4;6,2;11,4;-5,2;-2,3;-;;;
WOJ. MAŁOPOLSKIE;;3429084;13578;26594;32835;88;-6241;35932;31889;4043;2580;964;1616;5659;4,0;7,8;9,6;-1,8;1,7;3,3;;;
 bocheński;1201;106985;442;906;1012;4;-106;1079;931;148;52;31;21;169;4,1;8,5;9,5;-1,0;1,6;4,4;;;
 brzeski;1202;91340;327;644;871;3;-227;669;811;-142;59;27;32;-110;3,6;7,0;9,5;-2,5;-1,2;4,7;;;
 chrzanowski;1203;117756;342;626;1449;1;-823;1102;1263;-161;30;25;5;-156;2,9;5,3;12,3;-7,0;-1,3;1,6;;;
 dąbrowski;1204;57253;217;386;573;1;-187;467;583;-116;29;33;-4;-120;3,8;6,7;10,0;-3,3;-2,1;2,6;;;
 gorlicki;1205;104592;359;629;1113;4;-484;771;1064;-293;30;48;-18;-311;3,4;6,0;10,6;-4,6;-3,0;6,4;;;
 krakowski;1206;304278;952;2164;2670;6;-506;5104;2766;2338;178;48;130;2468;3,1;7,1;8,8;-1,7;8,1;2,8;;;
 limanowski;1207;131626;549;1224;1036;7;188;985;1128;-143;39;28;11;-132;4,2;9,3;7,9;1,4;-1,0;5,7;;;
 miechowski;1208;46305;143;287;617;-;-330;448;505;-57;4;5;-1;-58;3,1;6,2;13,3;-7,1;-1,2;-;;;
 myślenicki;1209;129984;503;1154;1196;1;-42;1391;1144;247;66;28;38;285;3,9;8,9;9,2;-0,3;2,2;0,9;;;
 nowosądecki;1210;214876;837;1893;1718;15;175;1778;2090;-312;96;89;7;-305;3,9;8,8;8,0;0,8;-1,4;7,9;;;
 nowotarski;1211;189984;691;1571;1569;8;2;1179;1327;-148;133;92;41;-107;3,6;8,3;8,3;0,0;-0,6;5,1;;;
 olkuski;1212;105000;347;626;1321;2;-695;894;1118;-224;24;2;22;-202;3,3;5,9;12,5;-6,6;-1,9;3,2;;;
 oświęcimski;1213;147678;515;920;1624;-;-704;1504;1507;-3;28;10;18;15;3,5;6,2;11,0;-4,8;0,1;-;;;
 proszowicki;1214;41929;163;298;467;2;-169;418;353;65;6;8;-2;63;3,9;7,1;11,1;-4,0;1,5;6,7;;;
 suski;1215;82546;325;648;883;2;-235;559;701;-142;59;30;29;-113;3,9;7,8;10,7;-2,8;-1,4;3,1;;;
 tarnowski;1216;197119;690;1429;1803;5;-374;1938;1798;140;153;156;-3;137;3,5;7,2;9,1;-1,9;0,7;3,5;;;
 tatrzański;1217;66346;274;507;580;1;-73;503;591;-88;39;17;22;-66;4,1;7,6;8,7;-1,1;-1,0;2,0;;;
 wadowicki;1218;157099;546;1168;1583;3;-415;1541;1540;1;40;32;8;9;3,5;7,4;10,1;-2,6;0,1;2,6;;;
 wielicki;1219;145276;517;1293;1260;1;33;2872;1356;1516;144;34;110;1626;3,6;8,9;8,7;0,2;11,2;0,8;;;
M.Kraków;1261;809168;4260;7057;7559;21;-502;9501;7371;2130;1289;148;1141;3271;5,3;8,7;9,4;-0,6;4,1;3,0;;;
M.Nowy Sącz;1262;79821;255;580;819;-;-239;507;830;-323;33;3;30;-293;3,2;7,3;10,2;-3,0;-3,7;-;;;
M.Tarnów;1263;102123;324;584;1112;1;-528;722;1112;-390;49;70;-21;-411;3,2;5,7;10,8;-5,1;-4,0;1,7;;;
WOJ. MAZOWIECKIE;;5508322;20976;42213;57515;128;-15302;72418;62129;10289;4119;617;3502;13791;3,8;7,7;10,4;-2,8;2,5;3,0;;;
 białobrzeski;1401;32350;131;274;367;1;-93;302;376;-74;5;2;3;-71;4,0;8,4;11,3;-2,9;-2,2;3,6;;;
 ciechanowski;1402;84565;301;600;1051;1;-451;1025;1162;-137;18;2;16;-121;3,5;7,1;12,4;-5,3;-1,4;1,7;;;
 garwoliński;1403;105213;395;960;1139;3;-179;954;1113;-159;18;10;8;-151;3,7;9,1;10,8;-1,7;-1,4;3,1;;;
 gostyniński;1404;41756;134;227;623;-;-396;431;536;-105;3;2;1;-104;3,2;5,4;14,8;-9,4;-2,5;-;;;
 grodziski;1405;106973;337;828;1093;3;-265;2866;1375;1491;101;9;92;1583;3,2;7,8;10,3;-2,5;14,9;3,6;;;
 grójecki;1406;96662;385;704;1153;1;-449;1096;1080;16;45;5;40;56;4,0;7,3;11,9;-4,6;0,6;1,4;;;
 kozienicki;1407;56754;194;366;681;1;-315;680;827;-147;18;1;17;-130;3,4;6,4;12,0;-5,5;-2,3;2,7;;;
 legionowski;1408;133097;507;908;1400;2;-492;3332;1577;1755;92;13;79;1834;3,8;6,8;10,6;-3,7;13,8;2,2;;;
 lipski;1409;31251;100;190;390;-;-200;276;407;-131;8;-;8;-123;3,2;6,1;12,4;-6,4;-3,9;-;;;
 łosicki;1410;28338;117;202;346;1;-144;251;364;-113;3;3;-;-113;4,1;7,1;12,2;-5,1;-4,0;5,0;;;
 makowski;1411;41254;152;323;524;1;-201;397;634;-237;8;2;6;-231;3,7;7,8;12,6;-4,8;-5,6;3,1;;;
 miński;1412;159535;571;1207;1692;5;-485;2483;1833;650;55;7;48;698;3,6;7,6;10,6;-3,0;4,4;4,1;;;
 mławski;1413;68556;207;531;831;1;-300;717;901;-184;7;8;-1;-185;3,0;7,7;12,1;-4,4;-2,7;1,9;;;
 nowodworski;1414;79351;315;581;1002;1;-421;1098;933;165;31;8;23;188;4,0;7,3;12,6;-5,3;2,4;1,7;;;
 ostrołęcki;1415;87397;294;716;826;2;-110;976;1020;-44;11;7;4;-40;3,4;8,2;9,4;-1,3;-0,5;2,8;;;
 ostrowski;1416;67854;235;486;757;1;-271;572;833;-261;9;3;6;-255;3,5;7,1;11,1;-4,0;-3,7;2,1;;;
 otwocki;1417;126669;431;899;1624;3;-725;1992;1388;604;60;11;49;653;3,4;7,1;12,8;-5,7;5,2;3,3;;;
 piaseczyński;1418;217738;810;1750;1994;5;-244;5565;2955;2610;377;22;355;2965;3,7;8,1;9,2;-1,1;13,7;2,9;;;
 płocki;1419;109144;340;774;1206;4;-432;1445;1350;95;20;7;13;108;3,1;7,1;11,0;-3,9;1,0;5,2;;;
 płoński;1420;83436;294;600;1067;6;-467;893;986;-93;12;2;10;-83;3,5;7,2;12,7;-5,6;-1,0;10,0;;;
 pruszkowski;1421;181026;641;1357;1763;3;-406;4090;2470;1620;265;15;250;1870;3,5;7,5;9,8;-2,2;10,4;2,2;;;
 przasnyski;1422;48615;156;394;561;-;-167;432;644;-212;5;7;-2;-214;3,2;8,1;11,5;-3,4;-4,4;-;;;
 przysuski;1423;38291;137;257;482;1;-225;362;542;-180;9;1;8;-172;3,6;6,7;12,5;-5,9;-4,5;3,9;;;
 pułtuski;1424;50163;213;380;617;-;-237;627;588;39;19;1;18;57;4,2;7,6;12,3;-4,7;1,1;-;;;
 radomski;1425;151367;528;1150;1490;4;-340;1959;1646;313;53;7;46;359;3,5;7,6;9,8;-2,2;2,4;3,5;;;
 siedlecki;1426;80446;337;696;901;2;-205;1001;907;94;19;1;18;112;4,2;8,7;11,2;-2,5;1,4;2,9;;;
 sierpecki;1427;47742;165;358;622;2;-264;502;697;-195;3;9;-6;-201;3,4;7,5;12,9;-5,5;-4,2;5,6;;;
 sochaczewski;1428;82854;321;605;888;1;-283;1010;1039;-29;27;6;21;-8;3,9;7,3;10,7;-3,4;-0,1;1,7;;;
 sokołowski;1429;49551;187;353;659;2;-306;444;644;-200;7;5;2;-198;3,8;7,1;13,2;-6,1;-4,0;5,7;;;
 szydłowiecki;1430;37244;140;241;400;-;-159;405;474;-69;10;2;8;-61;3,7;6,5;10,7;-4,3;-1,6;-;;;
 warszawski zachodni;1432;136493;440;994;1424;1;-430;3276;1579;1697;94;11;83;1780;3,2;7,3;10,5;-3,2;13,1;1,0;;;
 węgrowski;1433;61472;257;483;735;1;-252;554;725;-171;3;1;2;-169;4,2;7,8;11,9;-4,1;-2,7;2,1;;;
 wołomiński;1434;277725;1016;2410;2678;6;-268;5575;3644;1931;343;25;318;2249;3,7;8,7;9,7;-1,0;8,1;2,5;;;
 wyszkowski;1435;73179;278;609;823;3;-214;857;866;-9;17;1;16;7;3,8;8,3;11,2;-2,9;0,1;4,9;;;
 zwoleński;1436;34091;106;219;377;1;-158;310;395;-85;7;1;6;-79;3,1;6,4;11,0;-4,6;-2,3;4,6;;;
 żuromiński;1437;35122;129;280;455;2;-175;332;545;-213;3;4;-1;-214;3,7;7,9;12,9;-5,0;-6,1;7,1;;;
 żyrardowski;1438;74935;288;571;949;1;-378;1067;942;125;35;14;21;146;3,8;7,6;12,7;-5,0;1,9;1,8;;;
M.Ostrołęka;1461;47696;143;338;436;1;-98;382;773;-391;4;3;1;-390;3,0;7,1;9,1;-2,0;-8,1;3,0;;;
M.Płock;1462;110015;429;667;1335;2;-668;730;1297;-567;10;6;4;-563;3,9;6,0;12,1;-6,0;-5,1;3,0;;;
M.Radom;1463;193777;692;1212;2223;3;-1011;918;2023;-1105;60;15;45;-1060;3,6;6,2;11,4;-5,2;-5,4;2,5;;;
M.Siedlce;1464;74780;245;654;677;3;-23;646;984;-338;17;7;10;-328;3,3;8,7;9,0;-0,3;-4,4;4,6;;;
M.Warszawa;1465;1863845;7878;14859;17254;47;-2395;19588;17055;2533;2208;351;1857;4390;4,2;8,0;9,3;-1,3;2,4;3,2;;;
WOJ. OPOLSKIE;;930296;2947;5410;10760;18;-5350;9807;10590;-783;578;913;-335;-1118;3,2;5,8;11,5;-5,7;-1,2;3,3;;;
 brzeski;1601;85613;256;476;955;2;-479;1025;1115;-90;53;41;12;-78;3,0;5,5;11,1;-5,6;-0,9;4,2;;;
 głubczycki;1602;42092;121;196;616;-;-420;504;552;-48;13;8;5;-43;2,9;4,6;14,5;-9,9;-1,0;-;;;
 kędzierzyńsko-kozielski;1603;85435;300;472;1037;1;-565;687;863;-176;41;182;-141;-317;3,5;5,5;12,1;-6,6;-3,7;2,1;;;
 kluczborski;1604;60536;185;358;742;-;-384;562;764;-202;32;124;-92;-294;3,0;5,9;12,2;-6,3;-4,8;-;;;
 krapkowicki;1605;59288;206;349;669;2;-320;653;659;-6;23;57;-34;-40;3,5;5,9;11,3;-5,4;-0,7;5,7;;;
 namysłowski;1606;41753;138;229;489;-;-260;612;580;32;24;26;-2;30;3,3;5,5;11,7;-6,2;0,7;-;;;
 nyski;1607;126897;343;647;1553;-;-906;1373;1573;-200;64;64;-;-200;2,7;5,1;12,2;-7,1;-1,6;-;;;
 oleski;1608;60798;190;386;746;-;-360;548;667;-119;48;57;-9;-128;3,1;6,3;12,2;-5,9;-2,1;-;;;
 opolski;1609;120754;374;743;1194;4;-451;1606;1174;432;86;126;-40;392;3,1;6,2;9,9;-3,7;3,2;5,4;;;
 prudnicki;1610;50875;162;296;621;2;-325;399;534;-135;26;73;-47;-182;3,2;5,8;12,1;-6,4;-3,6;6,8;;;
 strzelecki;1611;70763;233;423;790;2;-367;725;801;-76;37;134;-97;-173;3,3;6,0;11,1;-5,2;-2,4;4,7;;;
M.Opole;1661;125492;439;835;1348;5;-513;1113;1308;-195;131;21;110;-85;3,5;6,6;10,7;-4,1;-0,7;6,0;;;
WOJ. PODKARPACKIE;;2062997;6754;13853;20294;47;-6441;19592;22421;-2829;922;627;295;-2534;3,3;6,7;9,8;-3,1;-1,2;3,4;;;
 bieszczadzki;1801;20423;62;94;206;-;-112;223;279;-56;14;36;-22;-78;3,0;4,6;10,0;-5,5;-3,8;-;;;
 brzozowski;1802;62822;199;409;573;3;-164;460;735;-275;21;13;8;-267;3,2;6,5;9,1;-2,6;-4,2;7,3;;;
 dębicki;1803;131981;442;863;1204;2;-341;996;1273;-277;59;37;22;-255;3,3;6,5;9,1;-2,6;-1,9;2,3;;;
 jarosławski;1804;115103;410;814;1199;3;-385;983;1378;-395;46;11;35;-360;3,6;7,0;10,4;-3,3;-3,1;3,7;;;
 jasielski;1805;108084;311;624;1070;1;-446;826;1106;-280;27;24;3;-277;2,9;5,8;9,9;-4,1;-2,6;1,6;;;
 kolbuszowski;1806;60895;207;425;516;-;-91;403;554;-151;34;47;-13;-164;3,4;7,0;8,5;-1,5;-2,7;-;;;
 krośnieński;1807;108034;335;673;1062;3;-389;1034;1170;-136;27;34;-7;-143;3,1;6,2;9,8;-3,6;-1,3;4,5;;;
 leżajski;1808;66263;218;455;644;2;-189;452;639;-187;25;58;-33;-220;3,3;6,8;9,7;-2,8;-3,3;4,4;;;
 lubaczowski;1809;51997;169;275;632;1;-357;440;706;-266;18;12;6;-260;3,2;5,3;12,1;-6,8;-5,0;3,6;;;
 łańcucki;1810;80749;269;593;830;1;-237;867;770;97;27;9;18;115;3,3;7,3;10,3;-2,9;1,4;1,7;;;
 mielecki;1811;132484;421;984;1333;3;-349;1076;1242;-166;53;11;42;-124;3,2;7,4;10,0;-2,6;-0,9;3,0;;;
 niżański;1812;63189;183;358;623;2;-265;535;834;-299;44;38;6;-293;2,9;5,6;9,8;-4,2;-4,6;5,6;;;
 przemyski;1813;70688;276;424;736;-;-312;773;929;-156;40;22;18;-138;3,9;6,0;10,4;-4,4;-1,9;-;;;
 przeworski;1814;75370;271;501;740;2;-239;713;905;-192;32;9;23;-169;3,6;6,6;9,8;-3,2;-2,2;4,0;;;
 ropczycko-sędziszowski;1815;74083;244;590;600;-;-10;702;709;-7;24;4;20;13;3,3;8,0;8,1;-0,1;0,2;-;;;
 rzeszowski;1816;176821;608;1399;1580;6;-181;2849;1693;1156;110;36;74;1230;3,4;7,9;9,0;-1,0;7,0;4,3;;;
 sanocki;1817;89001;241;421;881;-;-460;652;908;-256;28;22;6;-250;2,7;4,7;9,9;-5,1;-2,8;-;;;
 stalowowolski;1818;100034;267;534;1026;2;-492;871;1147;-276;69;142;-73;-349;2,7;5,3;10,2;-4,9;-3,5;3,7;;;
 strzyżowski;1819;58775;170;371;618;1;-247;426;630;-204;32;2;30;-174;2,9;6,3;10,5;-4,2;-2,9;2,7;;;
 tarnobrzeski;1820;50550;145;284;491;2;-207;325;532;-207;17;1;16;-191;2,9;5,6;9,7;-4,1;-3,8;7,0;;;
 leski;1821;25224;97;114;244;-;-130;251;319;-68;15;5;10;-58;3,8;4,5;9,6;-5,1;-2,3;-;;;
M.Krosno;1861;43594;122;248;574;-;-326;398;516;-118;18;4;14;-104;2,8;5,7;13,1;-7,4;-2,4;-;;;
M.Przemyśl;1862;55292;157;300;747;-;-447;388;736;-348;31;20;11;-337;2,8;5,4;13,4;-8,0;-6,1;-;;;
M.Rzeszów;1863;198317;809;1918;1636;12;282;2653;2256;397;100;29;71;468;4,1;9,7;8,3;1,4;2,4;6,3;;;
M.Tarnobrzeg;1864;43224;121;182;529;1;-347;296;455;-159;11;1;10;-149;2,8;4,2;12,2;-8,0;-3,4;5,5;;;
WOJ. PODLASKIE;;1132641;3707;7557;12007;25;-4450;12612;14470;-1858;730;146;584;-1274;3,3;6,7;10,6;-3,9;-1,1;3,3;;;
 augustowski;2001;54022;169;337;594;-;-257;480;632;-152;14;5;9;-143;3,1;6,2;11,0;-4,7;-2,6;-;;;
 białostocki;2002;159170;438;1125;1511;2;-386;3522;1886;1636;108;15;93;1729;2,8;7,1;9,5;-2,4;10,9;1,8;;;
 bielski;2003;49987;161;310;766;3;-456;526;713;-187;9;10;-1;-188;3,2;6,2;15,2;-9,1;-3,7;9,7;;;
 grajewski;2004;43756;137;250;477;1;-227;388;657;-269;9;3;6;-263;3,1;5,7;10,8;-5,2;-6,0;4,0;;;
 hajnowski;2005;38237;131;156;604;1;-448;344;473;-129;18;7;11;-118;3,4;4,0;15,7;-11,6;-3,1;6,4;;;
 kolneński;2006;35440;128;254;384;1;-130;295;467;-172;7;2;5;-167;3,6;7,2;10,8;-3,7;-4,7;3,9;;;
 łomżyński;2007;49496;162;321;504;1;-183;753;709;44;13;-;13;57;3,3;6,5;10,2;-3,7;1,1;3,1;;;
 moniecki;2008;36975;129;204;431;1;-227;341;496;-155;18;19;-1;-156;3,5;5,5;11,6;-6,1;-4,2;4,9;;;
 sejneński;2009;18434;56;106;247;-;-141;193;270;-77;1;-;1;-76;3,0;5,7;13,3;-7,6;-4,1;-;;;
 siemiatycki;2010;40212;144;222;529;-;-307;409;574;-165;10;8;2;-163;3,6;5,5;13,1;-7,6;-4,0;-;;;
 sokólski;2011;60592;208;316;783;4;-467;484;737;-253;28;-;28;-225;3,4;5,2;12,9;-7,7;-3,7;12,7;;;
 suwalski;2012;34585;111;211;326;-;-115;502;492;10;14;1;13;23;3,2;6,1;9,4;-3,3;0,7;-;;;
 wysokomazowiecki;2013;52834;175;397;661;1;-264;512;806;-294;8;1;7;-287;3,3;7,5;12,4;-5,0;-5,4;2,5;;;
 zambrowski;2014;41109;142;294;428;2;-134;420;546;-126;33;10;23;-103;3,4;7,1;10,4;-3,2;-2,5;6,8;;;
M.Białystok;2061;290386;988;2166;2614;5;-448;2331;3378;-1047;376;41;335;-712;3,4;7,4;9,0;-1,5;-2,4;2,3;;;
M.Łomża;2062;59263;196;394;498;1;-104;573;858;-285;25;8;17;-268;3,3;6,6;8,4;-1,7;-4,5;2,5;;;
M.Suwałki;2063;68143;232;494;650;2;-156;539;776;-237;39;16;23;-214;3,4;7,3;9,6;-2,3;-3,1;4,0;;;
WOJ. POMORSKIE;;2359493;9198;17621;23460;80;-5839;33571;28702;4869;1405;820;585;5454;3,9;7,5;9,9;-2,5;2,3;4,5;;;
 bytowski;2201;76266;300;628;747;4;-119;835;1025;-190;41;27;14;-176;3,9;8,2;9,8;-1,6;-2,3;6,4;;;
 chojnicki;2202;95536;321;739;970;-;-231;1035;1177;-142;31;21;10;-132;3,4;7,7;10,1;-2,4;-1,4;-;;;
 człuchowski;2203;52747;173;300;562;-;-262;589;728;-139;16;15;1;-138;3,3;5,7;10,6;-4,9;-2,6;-;;;
 gdański;2204;133490;467;1017;931;3;86;3548;1810;1738;109;21;88;1826;3,5;7,7;7,0;0,6;13,7;2,9;;;
 kartuski;2205;155382;638;1691;1214;9;477;2793;1706;1087;69;21;48;1135;4,1;10,9;7,8;3,1;7,3;5,3;;;
 kościerski;2206;72113;258;587;687;2;-100;804;730;74;16;20;-4;70;3,6;8,1;9,5;-1,4;1,0;3,4;;;
 kwidzyński;2207;79612;271;463;806;4;-343;794;957;-163;27;9;18;-145;3,4;5,8;10,1;-4,3;-1,8;8,6;;;
 lęborski;2208;63448;244;440;676;1;-236;973;940;33;18;29;-11;22;3,8;6,9;10,6;-3,7;0,3;2,3;;;
 malborski;2209;60351;195;384;656;4;-272;787;829;-42;26;90;-64;-106;3,2;6,4;10,9;-4,5;-1,8;10,4;;;
 nowodworski;2210;33392;117;202;392;-;-190;319;414;-95;11;7;4;-91;3,5;6,0;11,7;-5,7;-2,7;-;;;
 pucki;2211;92383;310;736;848;3;-112;1814;1021;793;51;21;30;823;3,4;8,0;9,2;-1,2;8,9;4,1;;;
 słupski;2212;95888;316;538;1010;1;-472;1619;1498;121;44;74;-30;91;3,3;5,6;10,5;-4,9;0,9;1,9;;;
 starogardzki;2213;124774;452;943;1218;5;-275;1426;1471;-45;33;23;10;-35;3,6;7,5;9,7;-2,2;-0,3;5,3;;;
 tczewski;2214;110511;361;704;1137;5;-433;1107;1320;-213;29;70;-41;-254;3,3;6,4;10,3;-3,9;-2,3;7,1;;;
 wejherowski;2215;230818;965;2085;2191;12;-106;4604;3138;1466;92;46;46;1512;4,2;9,1;9,5;-0,5;6,6;5,8;;;
 sztumski;2216;37836;105;202;410;1;-208;393;580;-187;15;80;-65;-252;2,8;5,3;10,8;-5,5;-6,6;5,0;;;
M.Gdańsk;2261;488651;2279;3877;4962;13;-1085;6124;4658;1466;515;150;365;1831;4,7;7,9;10,2;-2,2;3,8;3,4;;;
M.Gdynia;2262;240084;970;1464;2620;11;-1156;2691;3007;-316;151;59;92;-224;4,0;6,1;10,9;-4,8;-0,9;7,5;;;
M.Słupsk;2263;84767;343;505;1018;2;-513;913;1158;-245;62;20;42;-203;4,0;5,9;12,0;-6,0;-2,4;4,0;;;
M.Sopot;2264;31444;113;116;405;-;-289;403;535;-132;49;17;32;-100;3,6;3,7;12,8;-9,1;-3,2;-;;;
WOJ. ŚLĄSKIE;;4291441;15158;25399;51441;85;-26042;41042;43925;-2883;1473;1524;-51;-2934;3,5;5,9;11,9;-6,0;-0,7;3,3;;;
 będziński;2401;143640;459;717;1877;6;-1160;1897;1765;132;23;23;-;132;3,2;5,0;13,0;-8,0;0,9;8,4;;;
 bielski;2402;165708;546;1053;1584;4;-531;1999;1568;431;53;35;18;449;3,3;6,3;9,6;-3,2;2,7;3,8;;;
 cieszyński;2403;173694;612;1060;2116;4;-1056;1757;1773;-16;68;50;18;2;3,5;6,1;12,1;-6,1;0,0;3,8;;;
 częstochowski;2404;131042;394;713;1594;2;-881;1658;1361;297;28;7;21;318;3,0;5,4;12,1;-6,7;2,4;2,8;;;
 gliwicki;2405;112952;369;690;1226;1;-536;1539;1187;352;30;65;-35;317;3,3;6,1;10,8;-4,7;2,8;1,4;;;
 kłobucki;2406;81495;259;488;936;-;-448;735;783;-48;24;9;15;-33;3,2;6,0;11,5;-5,5;-0,4;-;;;
 lubliniecki;2407;74419;253;479;855;1;-376;656;669;-13;21;41;-20;-33;3,4;6,4;11,5;-5,0;-0,4;2,1;;;
 mikołowski;2408;100019;353;610;1016;3;-406;1663;1107;556;27;53;-26;530;3,5;6,1;10,1;-4,1;5,3;4,9;;;
 myszkowski;2409;67049;210;377;908;1;-531;636;661;-25;15;4;11;-14;3,1;5,6;13,5;-7,9;-0,2;2,7;;;
 pszczyński;2410;110722;396;782;961;-;-179;1346;1212;134;33;26;7;141;3,6;7,1;8,7;-1,6;1,3;-;;;
 raciborski;2411;98665;320;599;1134;1;-535;845;963;-118;31;76;-45;-163;3,2;6,1;11,5;-5,4;-1,6;1,7;;;
 rybnicki;2412;76250;250;454;720;2;-266;750;820;-70;14;26;-12;-82;3,3;5,9;9,4;-3,5;-1,1;4,4;;;
 tarnogórski;2413;138856;465;783;1516;3;-733;1816;1276;540;51;99;-48;492;3,3;5,6;10,9;-5,3;3,5;3,8;;;
 bieruńsko-lędziński;2414;59400;203;362;532;2;-170;840;643;197;12;20;-8;189;3,4;6,1;8,9;-2,9;3,2;5,5;;;
 wodzisławski;2415;149463;506;961;1709;4;-748;1613;1635;-22;42;53;-11;-33;3,4;6,4;11,4;-5,0;-0,2;4,2;;;
 zawierciański;2416;110383;315;523;1608;3;-1085;975;1099;-124;20;6;14;-110;2,8;4,7;14,5;-9,8;-1,0;5,7;;;
 żywiecki;2417;148090;494;1017;1727;2;-710;1360;1386;-26;43;37;6;-20;3,3;6,8;11,6;-4,8;-0,1;2,0;;;
M.Bielsko-Biała;2461;164318;653;981;1893;1;-912;1176;1665;-489;142;38;104;-385;4,0;5,9;11,5;-5,5;-2,3;1,0;;;
M.Bytom;2462;146290;562;831;2008;3;-1177;1073;1556;-483;62;18;44;-439;3,8;5,7;13,7;-8,0;-3,0;3,6;;;
M.Chorzów;2463;99420;382;609;1415;2;-806;1002;1349;-347;38;16;22;-325;3,8;6,1;14,1;-8,1;-3,2;3,3;;;
M.Częstochowa;2464;203615;705;1054;2763;2;-1709;1238;1971;-733;76;22;54;-679;3,4;5,1;13,5;-8,3;-3,3;1,9;;;
M.Dąbrowa Górnicza;2465;112408;338;560;1440;2;-880;903;1062;-159;18;13;5;-154;3,0;5,0;12,8;-7,8;-1,4;3,6;;;
M.Gliwice;2466;168248;681;1093;1953;1;-860;1361;1688;-327;69;148;-79;-406;4,0;6,5;11,5;-5,1;-2,4;0,9;;;
M.Jastrzębie-Zdrój;2467;81338;326;461;893;4;-432;521;965;-444;33;72;-39;-483;4,0;5,6;10,9;-5,3;-5,9;8,7;;;
M.Jaworzno;2468;86075;300;484;1131;1;-647;460;488;-28;22;81;-59;-87;3,5;5,6;13,1;-7,5;-1,0;2,1;;;
M.Katowice;2469;278885;1173;1762;3706;4;-1944;3208;3284;-76;180;71;109;33;4,2;6,3;13,3;-7,0;0,1;2,3;;;
M.Mysłowice;2470;70741;250;418;790;1;-372;729;826;-97;22;32;-10;-107;3,5;5,9;11,1;-5,2;-1,5;2,4;;;
M.Piekary Śląskie;2471;51373;184;296;634;2;-338;499;469;30;31;34;-3;27;3,6;5,7;12,3;-6,6;0,5;6,8;;;
M.Ruda Śląska;2472;128793;503;766;1629;3;-863;938;1380;-442;22;151;-129;-571;3,9;5,9;12,6;-6,7;-4,4;3,9;;;
M.Rybnik;2473;129817;519;809;1416;1;-607;908;1244;-336;33;26;7;-329;4,0;6,2;10,9;-4,7;-2,5;1,2;;;
M.Siemianowice Śląskie;2474;62817;194;366;851;2;-485;663;633;30;20;8;12;42;3,1;5,8;13,5;-7,7;0,7;5,5;;;
M.Sosnowiec;2475;184988;636;894;2563;5;-1669;1335;1769;-434;52;39;13;-421;3,4;4,8;13,8;-9,0;-2,3;5,6;;;
M.Świętochłowice;2476;45021;176;298;577;3;-279;501;617;-116;17;4;13;-103;3,9;6,6;12,8;-6,2;-2,3;10,1;;;
M.Tychy;2477;121063;401;726;1363;2;-637;746;1137;-391;55;11;44;-347;3,3;6,0;11,2;-5,2;-2,9;2,8;;;
M.Zabrze;2478;152461;543;919;1806;4;-887;935;1390;-455;31;89;-58;-513;3,5;6,0;11,8;-5,8;-3,4;4,4;;;
M.Żory;2479;61923;228;404;591;3;-187;761;524;237;15;21;-6;231;3,7;6,5;9,6;-3,0;3,7;7,4;;;
WOJ. ŚWIĘTOKRZYSKIE;;1157991;3621;6472;14249;32;-7777;10500;13255;-2755;373;238;135;-2620;3,1;5,6;12,3;-6,7;-2,3;4,9;;;
 buski;2601;67157;211;333;863;1;-530;655;714;-59;16;1;15;-44;3,1;4,9;12,8;-7,8;-0,7;3,0;;;
 jędrzejowski;2602;80365;265;446;958;3;-512;693;830;-137;31;39;-8;-145;3,3;5,5;11,9;-6,3;-1,8;6,7;;;
 kazimierski;2603;31373;100;168;373;-;-205;223;331;-108;9;3;6;-102;3,2;5,3;11,8;-6,5;-3,2;-;;;
 kielecki;2604;211645;667;1376;1942;6;-566;2660;2196;464;81;40;41;505;3,1;6,5;9,2;-2,7;2,4;4,4;;;
 konecki;2605;72810;217;360;973;4;-613;607;899;-292;14;3;11;-281;3,0;4,9;13,3;-8,4;-3,8;11,1;;;
 opatowski;2606;47876;156;280;711;1;-431;456;568;-112;13;12;1;-111;3,2;5,8;14,8;-9,0;-2,3;3,6;;;
 ostrowiecki;2607;98766;294;477;1341;3;-864;774;1151;-377;15;2;13;-364;3,0;4,8;13,5;-8,7;-3,7;6,3;;;
 pińczowski;2608;36283;117;199;497;-;-298;327;496;-169;11;-;11;-158;3,2;5,5;13,6;-8,2;-4,3;-;;;
 sandomierski;2609;70999;217;351;911;2;-560;539;862;-323;17;4;13;-310;3,0;4,9;12,8;-7,8;-4,3;5,7;;;
 skarżyski;2610;67152;174;273;959;2;-686;586;772;-186;21;91;-70;-256;2,6;4,0;14,2;-10,1;-3,8;7,3;;;
 starachowicki;2611;82681;231;424;1156;1;-732;634;891;-257;24;4;20;-237;2,8;5,1;13,9;-8,8;-2,9;2,4;;;
 staszowski;2612;67817;216;388;759;3;-371;601;882;-281;11;7;4;-277;3,2;5,7;11,1;-5,4;-4,1;7,7;;;
 włoszczowski;2613;42530;134;266;548;-;-282;287;389;-102;8;7;1;-101;3,1;6,2;12,8;-6,6;-2,4;-;;;
M.Kielce;2661;180537;622;1131;2258;6;-1127;1458;2274;-816;102;25;77;-739;3,4;6,2;12,5;-6,2;-4,1;5,3;;;
WOJ. WARMIŃSKO-MAZURSKIE;;1349172;4547;8077;14446;29;-6369;16887;19320;-2433;525;511;14;-2419;3,4;6,0;10,7;-4,7;-1,8;3,6;;;
 bartoszycki;2801;52001;151;290;651;1;-361;681;1028;-347;16;10;6;-341;2,9;5,5;12,4;-6,9;-6,5;3,4;;;
 braniewski;2802;36812;120;210;431;1;-221;419;667;-248;9;6;3;-245;3,2;5,7;11,6;-6,0;-6,6;4,8;;;
 działdowski;2803;61003;219;407;636;2;-229;582;825;-243;15;3;12;-231;3,6;6,7;10,4;-3,7;-3,8;4,9;;;
 elbląski;2804;53765;152;324;571;-;-247;824;902;-78;16;77;-61;-139;2,8;6,0;10,6;-4,6;-2,6;-;;;
 ełcki;2805;87992;295;574;784;2;-210;1156;1178;-22;52;12;40;18;3,3;6,5;8,9;-2,4;0,2;3,5;;;
 giżycki;2806;53165;166;297;638;1;-341;755;895;-140;38;20;18;-122;3,1;5,6;11,9;-6,4;-2,3;3,4;;;
 iławski;2807;89540;297;647;918;3;-271;1149;1243;-94;24;10;14;-80;3,3;7,2;10,2;-3,0;-0,9;4,6;;;
 kętrzyński;2808;56262;155;232;652;-;-420;540;879;-339;12;53;-41;-380;2,7;4,1;11,5;-7,4;-6,7;-;;;
 lidzbarski;2809;37756;125;195;400;1;-205;437;579;-142;15;10;5;-137;3,3;5,1;10,5;-5,4;-3,6;5,1;;;
 mrągowski;2810;47074;155;249;510;2;-261;511;626;-115;24;39;-15;-130;3,3;5,3;10,8;-5,5;-2,8;8,0;;;
 nidzicki;2811;30207;89;166;317;-;-151;335;457;-122;12;1;11;-111;2,9;5,5;10,5;-5,0;-3,7;-;;;
 nowomiejski;2812;41726;158;302;432;1;-130;425;550;-125;8;8;-;-125;3,8;7,2;10,3;-3,1;-3,0;3,3;;;
 olecki;2813;31717;88;197;419;1;-222;448;529;-81;20;1;19;-62;2,8;6,2;13,2;-7,0;-1,9;5,1;;;
 olsztyński;2814;130560;428;786;1236;-;-450;2939;1875;1064;50;63;-13;1051;3,3;6,0;9,5;-3,5;8,1;-;;;
 ostródzki;2815;98242;334;505;1077;-;-572;1156;1375;-219;39;68;-29;-248;3,4;5,1;10,9;-5,8;-2,5;-;;;
 piski;2816;51550;159;325;516;1;-191;596;812;-216;20;39;-19;-235;3,1;6,3;10,0;-3,7;-4,5;3,1;;;
 szczycieński;2817;66133;217;408;710;1;-302;891;921;-30;22;19;3;-27;3,3;6,1;10,7;-4,5;-0,4;2,5;;;
 gołdapski;2818;24612;81;141;253;2;-112;244;404;-160;8;1;7;-153;3,3;5,7;10,2;-4,5;-6,2;14,2;;;
 węgorzewski;2819;20611;60;105;277;-;-172;232;294;-62;3;1;2;-60;2,9;5,1;13,4;-8,3;-2,9;-;;;
M.Elbląg;2861;112052;404;617;1312;5;-695;820;1005;-185;34;43;-9;-194;3,6;5,5;11,7;-6,2;-1,7;8,1;;;
M.Olsztyn;2862;166392;694;1100;1706;5;-606;1747;2276;-529;88;27;61;-468;4,2;6,6;10,2;-3,6;-2,8;4,5;;;
WOJ. WIELKOPOLSKIE;;3479986;12842;25453;35212;82;-9759;41906;40523;1383;1395;614;781;2164;3,7;7,3;10,1;-2,8;0,6;3,2;;;
 chodzieski;3001;44876;162;265;528;3;-263;435;475;-40;8;13;-5;-45;3,6;5,9;11,7;-5,8;-1,0;11,3;;;
 czarnkowsko-trzcianecki;3002;82852;271;558;929;2;-371;686;921;-235;12;6;6;-229;3,3;6,7;11,2;-4,5;-2,8;3,6;;;
 gnieźnieński;3003;140653;491;1028;1574;2;-546;1666;1804;-138;25;9;16;-122;3,5;7,3;11,2;-3,9;-0,9;1,9;;;
 gostyński;3004;72977;232;567;856;5;-289;793;1046;-253;9;10;-1;-254;3,2;7,7;11,7;-3,9;-3,5;8,8;;;
 grodziski;3005;51541;192;464;469;2;-5;513;582;-69;14;4;10;-59;3,7;9,0;9,1;-0,1;-1,1;4,3;;;
 jarociński;3006;69540;251;558;779;1;-221;805;807;-2;16;16;-;-2;3,6;8,0;11,2;-3,2;0,0;1,8;;;
 kaliski;3007;81950;304;601;825;2;-224;798;811;-13;23;9;14;1;3,7;7,3;10,1;-2,7;0,0;3,3;;;
 kępiński;3008;55762;223;460;530;1;-70;567;656;-89;26;26;-;-89;4,0;8,2;9,5;-1,3;-1,6;2,2;;;
 kolski;3009;80743;250;457;989;2;-532;745;1016;-271;16;21;-5;-276;3,1;5,6;12,2;-6,6;-3,4;4,4;;;
 koniński;3010;128469;445;828;1218;-;-390;1514;1532;-18;31;12;19;1;3,5;6,4;9,5;-3,0;0,0;-;;;
 kościański;3011;76875;292;595;833;-;-238;794;849;-55;6;3;3;-52;3,8;7,7;10,8;-3,1;-0,7;-;;;
 krotoszyński;3012;74463;228;516;753;2;-237;570;747;-177;7;21;-14;-191;3,1;6,9;10,1;-3,2;-2,6;3,9;;;
 leszczyński;3013;60562;201;495;446;2;49;1098;649;449;15;22;-7;442;3,3;8,2;7,4;0,8;7,3;4,0;;;
 międzychodzki;3014;35485;125;249;385;1;-136;354;333;21;5;13;-8;13;3,5;7,0;10,8;-3,8;0,4;4,0;;;
 nowotomyski;3015;75015;289;620;710;2;-90;865;880;-15;18;5;13;-2;3,8;8,3;9,4;-1,2;0,0;3,2;;;
 obornicki;3016;58657;219;433;594;1;-161;628;620;8;13;13;-;8;3,7;7,4;10,1;-2,7;0,1;2,3;;;
 ostrowski;3017;157734;539;1128;1609;6;-481;1539;1681;-142;36;44;-8;-150;3,4;7,1;10,2;-3,0;-0,9;5,3;;;
 ostrzeszowski;3018;54319;197;417;585;1;-168;583;606;-23;12;9;3;-20;3,6;7,7;10,7;-3,1;-0,4;2,4;;;
 pilski;3019;129629;445;816;1373;1;-557;1247;1550;-303;65;22;43;-260;3,4;6,3;10,6;-4,3;-2,0;1,2;;;
 pleszewski;3020;60871;190;473;630;-;-157;511;681;-170;8;3;5;-165;3,1;7,7;10,3;-2,6;-2,7;-;;;
 poznański;3021;454283;1601;3643;3357;10;286;10201;4972;5229;288;38;250;5479;3,5;8,1;7,4;0,6;12,1;2,7;;;
 rawicki;3022;58338;193;460;625;5;-165;624;707;-83;12;10;2;-81;3,3;7,9;10,7;-2,8;-1,4;10,9;;;
 słupecki;3023;56994;182;394;594;-;-200;599;688;-89;13;11;2;-87;3,2;6,9;10,4;-3,5;-1,5;-;;;
 szamotulski;3024;91631;328;667;859;3;-192;1215;1026;189;30;18;12;201;3,6;7,3;9,4;-2,1;2,2;4,5;;;
 średzki;3025;60058;214;521;553;1;-32;825;671;154;22;3;19;173;3,6;8,7;9,2;-0,5;2,9;1,9;;;
 śremski;3026;60939;208;451;658;3;-207;1108;1070;38;18;6;12;50;3,4;7,4;10,8;-3,4;0,8;6,7;;;
 turecki;3027;80513;254;558;861;1;-303;870;993;-123;13;8;5;-118;3,1;6,9;10,7;-3,8;-1,5;1,8;;;
 wągrowiecki;3028;68899;248;498;664;4;-166;816;745;71;11;6;5;76;3,6;7,2;9,6;-2,4;1,1;8,0;;;
 wolsztyński;3029;56446;204;438;560;-;-122;489;559;-70;17;18;-1;-71;3,6;7,7;9,9;-2,2;-1,3;-;;;
 wrzesiński;3030;78199;277;649;791;3;-142;1093;929;164;26;12;14;178;3,5;8,3;10,1;-1,8;2,3;4,6;;;
 złotowski;3031;66975;222;432;663;1;-231;815;911;-96;31;58;-27;-123;3,3;6,4;9,9;-3,4;-1,8;2,3;;;
M.Kalisz;3061;91963;337;488;1244;-;-756;529;878;-349;43;23;20;-329;3,6;5,3;13,4;-8,2;-3,6;-;;;
M.Konin;3062;66103;214;315;877;-;-562;517;891;-374;22;9;13;-361;3,2;4,7;13,2;-8,4;-5,4;-;;;
M.Leszno;3063;59521;212;412;617;1;-205;508;770;-262;16;34;-18;-280;3,5;6,9;10,3;-3,4;-4,7;2,4;;;
M.Poznań;3064;536151;2602;3999;5674;14;-1675;4986;6467;-1481;468;79;389;-1092;4,8;7,4;10,6;-3,1;-2,0;3,5;;;
WOJ. ZACHODNIOPOMORSKIE;;1622760;5994;9576;18772;29;-9196;20077;20673;-596;1103;646;457;-139;3,7;5,9;11,5;-5,7;-0,1;3,0;;;
 białogardzki;3201;43964;154;260;536;1;-276;483;588;-105;14;20;-6;-111;3,5;5,9;12,1;-6,2;-2,5;3,8;;;
 choszczeński;3202;44105;130;229;541;1;-312;523;599;-76;12;8;4;-72;2,9;5,2;12,2;-7,1;-1,6;4,4;;;
 drawski;3203;53003;187;287;624;-;-337;594;755;-161;9;9;-;-161;3,5;5,4;11,7;-6,3;-3,0;-;;;
 goleniowski;3204;81118;313;538;968;4;-430;1238;1065;173;69;63;6;179;3,9;6,6;11,9;-5,3;2,2;7,4;;;
 gryficki;3205;56095;187;310;688;2;-378;719;790;-71;22;4;18;-53;3,3;5,5;12,2;-6,7;-0,9;6,5;;;
 gryfiński;3206;76489;283;412;896;-;-484;1036;1110;-74;43;24;19;-55;3,7;5,4;11,7;-6,3;-0,7;-;;;
 kamieński;3207;43773;127;235;563;-;-328;561;579;-18;32;28;4;-14;2,9;5,3;12,8;-7,5;-0,3;-;;;
 kołobrzeski;3208;76390;286;435;901;3;-466;1377;1155;222;45;24;21;243;3,7;5,7;11,8;-6,1;3,2;6,9;;;
 koszaliński;3209;64359;243;352;726;-;-374;1360;1086;274;37;33;4;278;3,8;5,5;11,3;-5,8;4,3;-;;;
 myśliborski;3210;61756;188;334;680;2;-346;607;765;-158;27;19;8;-150;3,0;5,4;11,0;-5,6;-2,4;6,0;;;
 policki;3211;86834;282;508;689;1;-181;2282;1175;1107;62;12;50;1157;3,3;5,9;8,0;-2,1;13,4;2,0;;;
 pyrzycki;3212;35991;124;239;471;-;-232;365;507;-142;6;4;2;-140;3,4;6,6;13,0;-6,4;-3,9;-;;;
 sławieński;3213;52394;188;290;570;1;-280;591;745;-154;23;68;-45;-199;3,6;5,5;10,8;-5,3;-3,8;3,4;;;
 stargardzki;3214;118844;427;749;1297;3;-548;1863;1634;229;104;36;68;297;3,6;6,3;10,9;-4,6;2,5;4,0;;;
 szczecinecki;3215;72023;211;374;917;-;-543;947;1084;-137;33;5;28;-109;2,9;5,2;12,7;-7,5;-1,5;-;;;
 świdwiński;3216;42754;137;217;530;1;-313;457;627;-170;7;4;3;-167;3,2;5,0;12,3;-7,3;-3,9;4,6;;;
 wałecki;3217;49384;162;255;609;3;-354;501;697;-196;15;39;-24;-220;3,3;5,1;12,3;-7,1;-4,4;11,8;;;
 łobeski;3218;32974;95;150;417;1;-267;388;544;-156;5;20;-15;-171;2,9;4,5;12,6;-8,0;-5,2;6,7;;;
M.Koszalin;3261;105263;390;621;1243;1;-622;1040;1139;-99;85;52;33;-66;3,7;5,9;11,8;-5,9;-0,6;1,6;;;
M.Szczecin;3262;386706;1729;2588;4419;5;-1831;2859;3625;-766;387;132;255;-511;4,5;6,7;11,4;-4,7;-1,3;1,9;;;
M.Świnoujście;3263;38541;151;193;487;-;-294;286;404;-118;66;42;24;-94;3,9;5,0;12,6;-7,6;-2,4;-;;;
;;;;;;;;;;;;;;;;;;;;;;;
;;;;;;;;;;;;;;;;;;;;;;;
;;;;;;;;;;;;;;;;;;;;;;;
;;;;;;;;;;;;;;;;;;;;;;;
;;;;;;;;;;;;;;;;;;;;;;;
;;;;;;;;;;;;;;;;;;;;;;;
;;;;;;;;;;;;;;;;;;;;;;;
;;;;;;;;;;;;;;;;;;;;;;;
;;;;;;;;;;;;;;;;;;;;;;;
;;;;;;;;;;;;;;;;;;;;;;;
;;;;;;;;;;;;;;;;;;;;;;;
;;;;;;;;;;;;;;;;;;;;;;;
;;;;;;;;;;;;;;;;;;;;;;;
;;;;;;;;;;;;;;;;;;;;;;;
;;;;;;;;;;;;;;;;;;;;;;;
;;;;;;;;;;;;;;;;;;;;;;;
;;;;;;;;;;;;;;;;;;;;;;;
;;;;;;;;;;;;;;;;;;;;;;;
;;;;;;;;;;;;;;;;;;;;;;;
;;;;;;;;;;;;;;;;;;;;;;;
;;;;;;;;;;;;;;;;;;;;;;;
;;;;;;;;;;;;;;;;;;;;;;;
;;;;;;;;;;;;;;;;;;;;;;;
;;;;;;;;;;;;;;;;;;;;;;;
;;;;;;;;;;;;;;;;;;;;;;;
;;;;;;;;;;;;;;;;;;;;;;;
;;;;;;;;;;;;;;;;;;;;;;;
;;;;;;;;;;;;;;;;;;;;;;;
;;;;;;;;;;;;;;;;;;;;;;;
;;;;;;;;;;;;;;;;;;;;;;;
;;;;;;;;;;;;;;;;;;;;;;;
;;;;;;;;;;;;;;;;;;;;;;;
;;;;;;;;;;;;;;;;;;;;;;;
;;;;;;;;;;;;;;;;;;;;;;;
;;;;;;;;;;;;;;;;;;;;;;;
;;;;;;;;;;;;;;;;;;;;;;;
;;;;;;;;;;;;;;;;;;;;;;;
;;;;;;;;;;;;;;;;;;;;;;;
;;;;;;;;;;;;;;;;;;;;;;;
;;;;;;;;;;;;;;;;;;;;;;;
;;;;;;;;;;;;;;;;;;;;;;;
;;;;;;;;;;;;;;;;;;;;;;;
;;;;;;;;;;;;;;;;;;;;;;;
;;;;;;;;;;;;;;;;;;;;;;;
;;;;;;;;;;;;;;;;;;;;;;;
;;;;;;;;;;;;;;;;;;;;;;;
;;;;;;;;;;;;;;;;;;;;;;;
;;;;;;;;;;;;;;;;;;;;;;;
;;;;;;;;;;;;;;;;;;;;;;;
;;;;;;;;;;;;;;;;;;;;;;;
;;;;;;;;;;;;;;;;;;;;;;;
;;;;;;;;;;;;;;;;;;;;;;;
;;;;;;;;;;;;;;;;;;;;;;;
;;;;;;;;;;;;;;;;;;;;;;;
;;;;;;;;;;;;;;;;;;;;;;;
;;;;;;;;;;;;;;;;;;;;;;;
;;;;;;;;;;;;;;;;;;;;;;;
;;;;;;;;;;;;;;;;;;;;;;;
;;;;;;;;;;;;;;;;;;;;;;;
;;;;;;;;;;;;;;;;;;;;;;;
;;;;;;;;;;;;;;;;;;;;;;;
;;;;;;;;;;;;;;;;;;;;;;;
;;;;;;;;;;;;;;;;;;;;;;;
;;;;;;;;;;;;;;;;;;;;;;;
;;;;;;;;;;;;;;;;;;;;;;;
;;;;;;;;;;;;;;;;;;;;;;;
;;;;;;;;;;;;;;;;;;;;;;;
;;;;;;;;;;;;;;;;;;;;;;;
;;;;;;;;;;;;;;;;;;;;;;;
;;;;;;;;;;;;;;;;;;;;;;;
;;;;;;;;;;;;;;;;;;;;;;;
;;;;;;;;;;;;;;;;;;;;;;;
;;;;;;;;;;;;;;;;;;;;;;;
;;;;;;;;;;;;;;;;;;;;;;;
;;;;;;;;;;;;;;;;;;;;;;;
;;;;;;;;;;;;;;;;;;;;;;;
;;;;;;;;;;;;;;;;;;;;;;;
;;;;;;;;;;;;;;;;;;;;;;;
;;;;;;;;;;;;;;;;;;;;;;;
;;;;;;;;;;;;;;;;;;;;;;;
;;;;;;;;;;;;;;;;;;;;;;;
;;;;;;;;;;;;;;;;;;;;;;;
;;;;;;;;;;;;;;;;;;;;;;;
;;;;;;;;;;;;;;;;;;;;;;;
;;;;;;;;;;;;;;;;;;;;;;;
;;;;;;;;;;;;;;;;;;;;;;;
;;;;;;;;;;;;;;;;;;;;;;;
;;;;;;;;;;;;;;;;;;;;;;;
;;;;;;;;;;;;;;;;;;;;;;;
;;;;;;;;;;;;;;;;;;;;;;;
;;;;;;;;;;;;;;;;;;;;;;;
;;;;;;;;;;;;;;;;;;;;;;;
;;;;;;;;;;;;;;;;;;;;;;;
;;;;;;;;;;;;;;;;;;;;;;;
;;;;;;;;;;;;;;;;;;;;;;;
;;;;;;;;;;;;;;;;;;;;;;;
;;;;;;;;;;;;;;;;;;;;;;;
;;;;;;;;;;;;;;;;;;;;;;;
;;;;;;;;;;;;;;;;;;;;;;;
;;;;;;;;;;;;;;;;;;;;;;;
;;;;;;;;;;;;;;;;;;;;;;;
;;;;;;;;;;;;;;;;;;;;;;;
;;;;;;;;;;;;;;;;;;;;;;;
;;;;;;;;;;;;;;;;;;;;;;;
;;;;;;;;;;;;;;;;;;;;;;;
;;;;;;;;;;;;;;;;;;;;;;;
;;;;;;;;;;;;;;;;;;;;;;;
;;;;;;;;;;;;;;;;;;;;;;;
;;;;;;;;;;;;;;;;;;;;;;;
;;;;;;;;;;;;;;;;;;;;;;;
;;;;;;;;;;;;;;;;;;;;;;;
;;;;;;;;;;;;;;;;;;;;;;;
;;;;;;;;;;;;;;;;;;;;;;;
;;;;;;;;;;;;;;;;;;;;;;;
;;;;;;;;;;;;;;;;;;;;;;;
;;;;;;;;;;;;;;;;;;;;;;;
;;;;;;;;;;;;;;;;;;;;;;;
;;;;;;;;;;;;;;;;;;;;;;;
;;;;;;;;;;;;;;;;;;;;;;;
;;;;;;;;;;;;;;;;;;;;;;;
;;;;;;;;;;;;;;;;;;;;;;;
;;;;;;;;;;;;;;;;;;;;;;;
;;;;;;;;;;;;;;;;;;;;;;;
;;;;;;;;;;;;;;;;;;;;;;;
;;;;;;;;;;;;;;;;;;;;;;;
;;;;;;;;;;;;;;;;;;;;;;;
;;;;;;;;;;;;;;;;;;;;;;;
;;;;;;;;;;;;;;;;;;;;;;;
;;;;;;;;;;;;;;;;;;;;;;;
;;;;;;;;;;;;;;;;;;;;;;;
;;;;;;;;;;;;;;;;;;;;;;;
;;;;;;;;;;;;;;;;;;;;;;;
;;;;;;;;;;;;;;;;;;;;;;;
;;;;;;;;;;;;;;;;;;;;;;;
;;;;;;;;;;;;;;;;;;;;;;;
;;;;;;;;;;;;;;;;;;;;;;;
;;;;;;;;;;;;;;;;;;;;;;;
;;;;;;;;;;;;;;;;;;;;;;;
;;;;;;;;;;;;;;;;;;;;;;;
;;;;;;;;;;;;;;;;;;;;;;;
;;;;;;;;;;;;;;;;;;;;;;;
;;;;;;;;;;;;;;;;;;;;;;;
;;;;;;;;;;;;;;;;;;;;;;;
;;;;;;;;;;;;;;;;;;;;;;;
;;;;;;;;;;;;;;;;;;;;;;;
;;;;;;;;;;;;;;;;;;;;;;;
;;;;;;;;;;;;;;;;;;;;;;;
;;;;;;;;;;;;;;;;;;;;;;;
;;;;;;;;;;;;;;;;;;;;;;;
;;;;;;;;;;;;;;;;;;;;;;;
;;;;;;;;;;;;;;;;;;;;;;;
;;;;;;;;;;;;;;;;;;;;;;;
;;;;;;;;;;;;;;;;;;;;;;;
;;;;;;;;;;;;;;;;;;;;;;;
;;;;;;;;;;;;;;;;;;;;;;;
;;;;;;;;;;;;;;;;;;;;;;;
;;;;;;;;;;;;;;;;;;;;;;;
;;;;;;;;;;;;;;;;;;;;;;;
;;;;;;;;;;;;;;;;;;;;;;;
;;;;;;;;;;;;;;;;;;;;;;;
;;;;;;;;;;;;;;;;;;;;;;;
;;;;;;;;;;;;;;;;;;;;;;;
;;;;;;;;;;;;;;;;;;;;;;;
;;;;;;;;;;;;;;;;;;;;;;;
;;;;;;;;;;;;;;;;;;;;;;;
;;;;;;;;;;;;;;;;;;;;;;;
;;;;;;;;;;;;;;;;;;;;;;;
;;;;;;;;;;;;;;;;;;;;;;;
;;;;;;;;;;;;;;;;;;;;;;;
;;;;;;;;;;;;;;;;;;;;;;;
;;;;;;;;;;;;;;;;;;;;;;;
;;;;;;;;;;;;;;;;;;;;;;;
;;;;;;;;;;;;;;;;;;;;;;;
;;;;;;;;;;;;;;;;;;;;;;;
;;;;;;;;;;;;;;;;;;;;;;;
;;;;;;;;;;;;;;;;;;;;;;;
;;;;;;;;;;;;;;;;;;;;;;;
;;;;;;;;;;;;;;;;;;;;;;;
;;;;;;;;;;;;;;;;;;;;;;;
;;;;;;;;;;;;;;;;;;;;;;;
;;;;;;;;;;;;;;;;;;;;;;;
;;;;;;;;;;;;;;;;;;;;;;;
;;;;;;;;;;;;;;;;;;;;;;;
;;;;;;;;;;;;;;;;;;;;;;;
;;;;;;;;;;;;;;;;;;;;;;;
;;;;;;;;;;;;;;;;;;;;;;;
;;;;;;;;;;;;;;;;;;;;;;;
;;;;;;;;;;;;;;;;;;;;;;;
;;;;;;;;;;;;;;;;;;;;;;;
;;;;;;;;;;;;;;;;;;;;;;;
;;;;;;;;;;;;;;;;;;;;;;;
;;;;;;;;;;;;;;;;;;;;;;;
;;;;;;;;;;;;;;;;;;;;;;;
;;;;;;;;;;;;;;;;;;;;;;;
;;;;;;;;;;;;;;;;;;;;;;;
;;;;;;;;;;;;;;;;;;;;;;;
;;;;;;;;;;;;;;;;;;;;;;;
;;;;;;;;;;;;;;;;;;;;;;;
;;;;;;;;;;;;;;;;;;;;;;;
;;;;;;;;;;;;;;;;;;;;;;;
;;;;;;;;;;;;;;;;;;;;;;;
;;;;;;;;;;;;;;;;;;;;;;;
;;;;;;;;;;;;;;;;;;;;;;;
;;;;;;;;;;;;;;;;;;;;;;;
;;;;;;;;;;;;;;;;;;;;;;;
;;;;;;;;;;;;;;;;;;;;;;;
;;;;;;;;;;;;;;;;;;;;;;;
;;;;;;;;;;;;;;;;;;;;;;;
;;;;;;;;;;;;;;;;;;;;;;;
;;;;;;;;;;;;;;;;;;;;;;;
;;;;;;;;;;;;;;;;;;;;;;;
;;;;;;;;;;;;;;;;;;;;;;;
;;;;;;;;;;;;;;;;;;;;;;;
;;;;;;;;;;;;;;;;;;;;;;;
;;;;;;;;;;;;;;;;;;;;;;;
;;;;;;;;;;;;;;;;;;;;;;;
;;;;;;;;;;;;;;;;;;;;;;;
;;;;;;;;;;;;;;;;;;;;;;;
;;;;;;;;;;;;;;;;;;;;;;;
;;;;;;;;;;;;;;;;;;;;;;;
;;;;;;;;;;;;;;;;;;;;;;;
;;;;;;;;;;;;;;;;;;;;;;;
;;;;;;;;;;;;;;;;;;;;;;;
;;;;;;;;;;;;;;;;;;;;;;;
;;;;;;;;;;;;;;;;;;;;;;;
;;;;;;;;;;;;;;;;;;;;;;;
;;;;;;;;;;;;;;;;;;;;;;;
;;;;;;;;;;;;;;;;;;;;;;;
;;;;;;;;;;;;;;;;;;;;;;;
;;;;;;;;;;;;;;;;;;;;;;;
;;;;;;;;;;;;;;;;;;;;;;;
;;;;;;;;;;;;;;;;;;;;;;;
;;;;;;;;;;;;;;;;;;;;;;;
;;;;;;;;;;;;;;;;;;;;;;;
;;;;;;;;;;;;;;;;;;;;;;;
;;;;;;;;;;;;;;;;;;;;;;;
;;;;;;;;;;;;;;;;;;;;;;;
;;;;;;;;;;;;;;;;;;;;;;;
;;;;;;;;;;;;;;;;;;;;;;;
;;;;;;;;;;;;;;;;;;;;;;;
;;;;;;;;;;;;;;;;;;;;;;;
;;;;;;;;;;;;;;;;;;;;;;;
;;;;;;;;;;;;;;;;;;;;;;;
;;;;;;;;;;;;;;;;;;;;;;;
;;;;;;;;;;;;;;;;;;;;;;;
;;;;;;;;;;;;;;;;;;;;;;;
;;;;;;;;;;;;;;;;;;;;;;;
;;;;;;;;;;;;;;;;;;;;;;;
;;;;;;;;;;;;;;;;;;;;;;;
;;;;;;;;;;;;;;;;;;;;;;;
;;;;;;;;;;;;;;;;;;;;;;;
;;;;;;;;;;;;;;;;;;;;;;;
;;;;;;;;;;;;;;;;;;;;;;;
;;;;;;;;;;;;;;;;;;;;;;;
;;;;;;;;;;;;;;;;;;;;;;;
;;;;;;;;;;;;;;;;;;;;;;;
;;;;;;;;;;;;;;;;;;;;;;;
;;;;;;;;;;;;;;;;;;;;;;;
;;;;;;;;;;;;;;;;;;;;;;;
;;;;;;;;;;;;;;;;;;;;;;;
;;;;;;;;;;;;;;;;;;;;;;;
;;;;;;;;;;;;;;;;;;;;;;;
;;;;;;;;;;;;;;;;;;;;;;;
;;;;;;;;;;;;;;;;;;;;;;;
;;;;;;;;;;;;;;;;;;;;;;;
;;;;;;;;;;;;;;;;;;;;;;;
;;;;;;;;;;;;;;;;;;;;;;;
;;;;;;;;;;;;;;;;;;;;;;;
;;;;;;;;;;;;;;;;;;;;;;;
;;;;;;;;;;;;;;;;;;;;;;;
;;;;;;;;;;;;;;;;;;;;;;;
;;;;;;;;;;;;;;;;;;;;;;;
;;;;;;;;;;;;;;;;;;;;;;;
;;;;;;;;;;;;;;;;;;;;;;;
;;;;;;;;;;;;;;;;;;;;;;;
;;;;;;;;;;;;;;;;;;;;;;;
;;;;;;;;;;;;;;;;;;;;;;;
;;;;;;;;;;;;;;;;;;;;;;;
;;;;;;;;;;;;;;;;;;;;;;;
;;;;;;;;;;;;;;;;;;;;;;;
;;;;;;;;;;;;;;;;;;;;;;;
;;;;;;;;;;;;;;;;;;;;;;;
;;;;;;;;;;;;;;;;;;;;;;;
;;;;;;;;;;;;;;;;;;;;;;;
;;;;;;;;;;;;;;;;;;;;;;;
;;;;;;;;;;;;;;;;;;;;;;;
;;;;;;;;;;;;;;;;;;;;;;;
;;;;;;;;;;;;;;;;;;;;;;;
;;;;;;;;;;;;;;;;;;;;;;;
;;;;;;;;;;;;;;;;;;;;;;;
;;;;;;;;;;;;;;;;;;;;;;;
;;;;;;;;;;;;;;;;;;;;;;;
;;;;;;;;;;;;;;;;;;;;;;;
;;;;;;;;;;;;;;;;;;;;;;;
;;;;;;;;;;;;;;;;;;;;;;;
;;;;;;;;;;;;;;;;;;;;;;;
;;;;;;;;;;;;;;;;;;;;;;;
;;;;;;;;;;;;;;;;;;;;;;;
;;;;;;;;;;;;;;;;;;;;;;;
;;;;;;;;;;;;;;;;;;;;;;;
;;;;;;;;;;;;;;;;;;;;;;;
;;;;;;;;;;;;;;;;;;;;;;;
;;;;;;;;;;;;;;;;;;;;;;;
;;;;;;;;;;;;;;;;;;;;;;;
;;;;;;;;;;;;;;;;;;;;;;;
;;;;;;;;;;;;;;;;;;;;;;;
;;;;;;;;;;;;;;;;;;;;;;;
;;;;;;;;;;;;;;;;;;;;;;;
;;;;;;;;;;;;;;;;;;;;;;;
;;;;;;;;;;;;;;;;;;;;;;;
;;;;;;;;;;;;;;;;;;;;;;;
;;;;;;;;;;;;;;;;;;;;;;;
;;;;;;;;;;;;;;;;;;;;;;;
;;;;;;;;;;;;;;;;;;;;;;;
;;;;;;;;;;;;;;;;;;;;;;;
;;;;;;;;;;;;;;;;;;;;;;;
;;;;;;;;;;;;;;;;;;;;;;;
;;;;;;;;;;;;;;;;;;;;;;;
;;;;;;;;;;;;;;;;;;;;;;;
;;;;;;;;;;;;;;;;;;;;;;;
;;;;;;;;;;;;;;;;;;;;;;;
;;;;;;;;;;;;;;;;;;;;;;;
;;;;;;;;;;;;;;;;;;;;;;;
;;;;;;;;;;;;;;;;;;;;;;;
;;;;;;;;;;;;;;;;;;;;;;;
;;;;;;;;;;;;;;;;;;;;;;;
;;;;;;;;;;;;;;;;;;;;;;;
;;;;;;;;;;;;;;;;;;;;;;;
;;;;;;;;;;;;;;;;;;;;;;;
;;;;;;;;;;;;;;;;;;;;;;;
;;;;;;;;;;;;;;;;;;;;;;;
;;;;;;;;;;;;;;;;;;;;;;;
;;;;;;;;;;;;;;;;;;;;;;;
;;;;;;;;;;;;;;;;;;;;;;;
;;;;;;;;;;;;;;;;;;;;;;;
;;;;;;;;;;;;;;;;;;;;;;;
;;;;;;;;;;;;;;;;;;;;;;;
;;;;;;;;;;;;;;;;;;;;;;;
;;;;;;;;;;;;;;;;;;;;;;;
;;;;;;;;;;;;;;;;;;;;;;;
;;;;;;;;;;;;;;;;;;;;;;;
;;;;;;;;;;;;;;;;;;;;;;;
;;;;;;;;;;;;;;;;;;;;;;;
;;;;;;;;;;;;;;;;;;;;;;;
;;;;;;;;;;;;;;;;;;;;;;;
;;;;;;;;;;;;;;;;;;;;;;;
;;;;;;;;;;;;;;;;;;;;;;;
;;;;;;;;;;;;;;;;;;;;;;;
;;;;;;;;;;;;;;;;;;;;;;;
;;;;;;;;;;;;;;;;;;;;;;;
;;;;;;;;;;;;;;;;;;;;;;;
;;;;;;;;;;;;;;;;;;;;;;;
;;;;;;;;;;;;;;;;;;;;;;;
;;;;;;;;;;;;;;;;;;;;;;;
;;;;;;;;;;;;;;;;;;;;;;;
;;;;;;;;;;;;;;;;;;;;;;;
;;;;;;;;;;;;;;;;;;;;;;;
;;;;;;;;;;;;;;;;;;;;;;;
;;;;;;;;;;;;;;;;;;;;;;;
;;;;;;;;;;;;;;;;;;;;;;;
;;;;;;;;;;;;;;;;;;;;;;;
;;;;;;;;;;;;;;;;;;;;;;;
;;;;;;;;;;;;;;;;;;;;;;;
;;;;;;;;;;;;;;;;;;;;;;;
;;;;;;;;;;;;;;;;;;;;;;;
;;;;;;;;;;;;;;;;;;;;;;;
;;;;;;;;;;;;;;;;;;;;;;;
;;;;;;;;;;;;;;;;;;;;;;;
;;;;;;;;;;;;;;;;;;;;;;;
;;;;;;;;;;;;;;;;;;;;;;;
;;;;;;;;;;;;;;;;;;;;;;;
;;;;;;;;;;;;;;;;;;;;;;;
;;;;;;;;;;;;;;;;;;;;;;;
;;;;;;;;;;;;;;;;;;;;;;;
;;;;;;;;;;;;;;;;;;;;;;;
;;;;;;;;;;;;;;;;;;;;;;;
;;;;;;;;;;;;;;;;;;;;;;;
;;;;;;;;;;;;;;;;;;;;;;;
;;;;;;;;;;;;;;;;;;;;;;;
;;;;;;;;;;;;;;;;;;;;;;;
;;;;;;;;;;;;;;;;;;;;;;;
;;;;;;;;;;;;;;;;;;;;;;;
;;;;;;;;;;;;;;;;;;;;;;;
;;;;;;;;;;;;;;;;;;;;;;;
;;;;;;;;;;;;;;;;;;;;;;;
;;;;;;;;;;;;;;;;;;;;;;;
;;;;;;;;;;;;;;;;;;;;;;;
;;;;;;;;;;;;;;;;;;;;;;;
;;;;;;;;;;;;;;;;;;;;;;;
;;;;;;;;;;;;;;;;;;;;;;;
;;;;;;;;;;;;;;;;;;;;;;;
;;;;;;;;;;;;;;;;;;;;;;;
;;;;;;;;;;;;;;;;;;;;;;;
;;;;;;;;;;;;;;;;;;;;;;;
;;;;;;;;;;;;;;;;;;;;;;;
;;;;;;;;;;;;;;;;;;;;;;;
;;;;;;;;;;;;;;;;;;;;;;;
;;;;;;;;;;;;;;;;;;;;;;;
;;;;;;;;;;;;;;;;;;;;;;;
;;;;;;;;;;;;;;;;;;;;;;;
;;;;;;;;;;;;;;;;;;;;;;;
;;;;;;;;;;;;;;;;;;;;;;;
;;;;;;;;;;;;;;;;;;;;;;;
;;;;;;;;;;;;;;;;;;;;;;;
;;;;;;;;;;;;;;;;;;;;;;;
;;;;;;;;;;;;;;;;;;;;;;;
;;;;;;;;;;;;;;;;;;;;;;;
;;;;;;;;;;;;;;;;;;;;;;;
;;;;;;;;;;;;;;;;;;;;;;;
;;;;;;;;;;;;;;;;;;;;;;;
;;;;;;;;;;;;;;;;;;;;;;;
;;;;;;;;;;;;;;;;;;;;;;;
;;;;;;;;;;;;;;;;;;;;;;;
;;;;;;;;;;;;;;;;;;;;;;;
;;;;;;;;;;;;;;;;;;;;;;;
;;;;;;;;;;;;;;;;;;;;;;;
;;;;;;;;;;;;;;;;;;;;;;;
;;;;;;;;;;;;;;;;;;;;;;;
;;;;;;;;;;;;;;;;;;;;;;;
;;;;;;;;;;;;;;;;;;;;;;;
;;;;;;;;;;;;;;;;;;;;;;;
;;;;;;;;;;;;;;;;;;;;;;;
;;;;;;;;;;;;;;;;;;;;;;;
;;;;;;;;;;;;;;;;;;;;;;;
;;;;;;;;;;;;;;;;;;;;;;;
;;;;;;;;;;;;;;;;;;;;;;;
;;;;;;;;;;;;;;;;;;;;;;;
;;;;;;;;;;;;;;;;;;;;;;;
;;;;;;;;;;;;;;;;;;;;;;;
;;;;;;;;;;;;;;;;;;;;;;;
;;;;;;;;;;;;;;;;;;;;;;;
;;;;;;;;;;;;;;;;;;;;;;;
;;;;;;;;;;;;;;;;;;;;;;;
;;;;;;;;;;;;;;;;;;;;;;;
;;;;;;;;;;;;;;;;;;;;;;;
;;;;;;;;;;;;;;;;;;;;;;;
;;;;;;;;;;;;;;;;;;;;;;;
;;;;;;;;;;;;;;;;;;;;;;;
;;;;;;;;;;;;;;;;;;;;;;;
;;;;;;;;;;;;;;;;;;;;;;;
;;;;;;;;;;;;;;;;;;;;;;;
;;;;;;;;;;;;;;;;;;;;;;;
;;;;;;;;;;;;;;;;;;;;;;;
;;;;;;;;;;;;;;;;;;;;;;;
;;;;;;;;;;;;;;;;;;;;;;;
;;;;;;;;;;;;;;;;;;;;;;;
;;;;;;;;;;;;;;;;;;;;;;;
;;;;;;;;;;;;;;;;;;;;;;;
;;;;;;;;;;;;;;;;;;;;;;;
;;;;;;;;;;;;;;;;;;;;;;;
;;;;;;;;;;;;;;;;;;;;;;;
;;;;;;;;;;;;;;;;;;;;;;;
;;;;;;;;;;;;;;;;;;;;;;;
;;;;;;;;;;;;;;;;;;;;;;;
;;;;;;;;;;;;;;;;;;;;;;;
;;;;;;;;;;;;;;;;;;;;;;;
;;;;;;;;;;;;;;;;;;;;;;;
;;;;;;;;;;;;;;;;;;;;;;;
;;;;;;;;;;;;;;;;;;;;;;;
;;;;;;;;;;;;;;;;;;;;;;;
;;;;;;;;;;;;;;;;;;;;;;;
;;;;;;;;;;;;;;;;;;;;;;;
;;;;;;;;;;;;;;;;;;;;;;;
;;;;;;;;;;;;;;;;;;;;;;;
;;;;;;;;;;;;;;;;;;;;;;;
;;;;;;;;;;;;;;;;;;;;;;;
;;;;;;;;;;;;;;;;;;;;;;;
;;;;;;;;;;;;;;;;;;;;;;;
;;;;;;;;;;;;;;;;;;;;;;;
;;;;;;;;;;;;;;;;;;;;;;;
;;;;;;;;;;;;;;;;;;;;;;;
;;;;;;;;;;;;;;;;;;;;;;;
;;;;;;;;;;;;;;;;;;;;;;;
;;;;;;;;;;;;;;;;;;;;;;;
;;;;;;;;;;;;;;;;;;;;;;;
;;;;;;;;;;;;;;;;;;;;;;;
;;;;;;;;;;;;;;;;;;;;;;;
;;;;;;;;;;;;;;;;;;;;;;;
;;;;;;;;;;;;;;;;;;;;;;;
;;;;;;;;;;;;;;;;;;;;;;;
;;;;;;;;;;;;;;;;;;;;;;;
;;;;;;;;;;;;;;;;;;;;;;;
;;;;;;;;;;;;;;;;;;;;;;;
;;;;;;;;;;;;;;;;;;;;;;;
;;;;;;;;;;;;;;;;;;;;;;;
;;;;;;;;;;;;;;;;;;;;;;;
;;;;;;;;;;;;;;;;;;;;;;;
;;;;;;;;;;;;;;;;;;;;;;;
;;;;;;;;;;;;;;;;;;;;;;;
;;;;;;;;;;;;;;;;;;;;;;;
;;;;;;;;;;;;;;;;;;;;;;;
;;;;;;;;;;;;;;;;;;;;;;;
;;;;;;;;;;;;;;;;;;;;;;;
;;;;;;;;;;;;;;;;;;;;;;;
;;;;;;;;;;;;;;;;;;;;;;;
;;;;;;;;;;;;;;;;;;;;;;;
;;;;;;;;;;;;;;;;;;;;;;;
;;;;;;;;;;;;;;;;;;;;;;;
;;;;;;;;;;;;;;;;;;;;;;;
;;;;;;;;;;;;;;;;;;;;;;;
;;;;;;;;;;;;;;;;;;;;;;;
;;;;;;;;;;;;;;;;;;;;;;;
;;;;;;;;;;;;;;;;;;;;;;;
;;;;;;;;;;;;;;;;;;;;;;;
;;;;;;;;;;;;;;;;;;;;;;;
;;;;;;;;;;;;;;;;;;;;;;;
;;;;;;;;;;;;;;;;;;;;;;;
;;;;;;;;;;;;;;;;;;;;;;;
;;;;;;;;;;;;;;;;;;;;;;;
;;;;;;;;;;;;;;;;;;;;;;;
;;;;;;;;;;;;;;;;;;;;;;;
;;;;;;;;;;;;;;;;;;;;;;;
;;;;;;;;;;;;;;;;;;;;;;;
;;;;;;;;;;;;;;;;;;;;;;;
;;;;;;;;;;;;;;;;;;;;;;;
;;;;;;;;;;;;;;;;;;;;;;;
;;;;;;;;;;;;;;;;;;;;;;;
;;;;;;;;;;;;;;;;;;;;;;;
;;;;;;;;;;;;;;;;;;;;;;;
;;;;;;;;;;;;;;;;;;;;;;;
;;;;;;;;;;;;;;;;;;;;;;;
;;;;;;;;;;;;;;;;;;;;;;;
;;;;;;;;;;;;;;;;;;;;;;;
;;;;;;;;;;;;;;;;;;;;;;;
;;;;;;;;;;;;;;;;;;;;;;;
;;;;;;;;;;;;;;;;;;;;;;;
;;;;;;;;;;;;;;;;;;;;;;;
;;;;;;;;;;;;;;;;;;;;;;;
;;;;;;;;;;;;;;;;;;;;;;;
;;;;;;;;;;;;;;;;;;;;;;;
;;;;;;;;;;;;;;;;;;;;;;;
;;;;;;;;;;;;;;;;;;;;;;;
;;;;;;;;;;;;;;;;;;;;;;;
;;;;;;;;;;;;;;;;;;;;;;;
;;;;;;;;;;;;;;;;;;;;;;;
;;;;;;;;;;;;;;;;;;;;;;;
;;;;;;;;;;;;;;;;;;;;;;;
;;;;;;;;;;;;;;;;;;;;;;;
;;;;;;;;;;;;;;;;;;;;;;;
;;;;;;;;;;;;;;;;;;;;;;;
;;;;;;;;;;;;;;;;;;;;;;;
;;;;;;;;;;;;;;;;;;;;;;;
;;;;;;;;;;;;;;;;;;;;;;;
;;;;;;;;;;;;;;;;;;;;;;;
;;;;;;;;;;;;;;;;;;;;;;;
;;;;;;;;;;;;;;;;;;;;;;;
;;;;;;;;;;;;;;;;;;;;;;;
;;;;;;;;;;;;;;;;;;;;;;;
;;;;;;;;;;;;;;;;;;;;;;;
;;;;;;;;;;;;;;;;;;;;;;;
;;;;;;;;;;;;;;;;;;;;;;;
;;;;;;;;;;;;;;;;;;;;;;;
;;;;;;;;;;;;;;;;;;;;;;;
;;;;;;;;;;;;;;;;;;;;;;;
;;;;;;;;;;;;;;;;;;;;;;;
;;;;;;;;;;;;;;;;;;;;;;;
;;;;;;;;;;;;;;;;;;;;;;;
;;;;;;;;;;;;;;;;;;;;;;;
;;;;;;;;;;;;;;;;;;;;;;;
;;;;;;;;;;;;;;;;;;;;;;;
;;;;;;;;;;;;;;;;;;;;;;;
;;;;;;;;;;;;;;;;;;;;;;;
;;;;;;;;;;;;;;;;;;;;;;;
;;;;;;;;;;;;;;;;;;;;;;;
;;;;;;;;;;;;;;;;;;;;;;;
;;;;;;;;;;;;;;;;;;;;;;;
;;;;;;;;;;;;;;;;;;;;;;;
;;;;;;;;;;;;;;;;;;;;;;;
;;;;;;;;;;;;;;;;;;;;;;;
;;;;;;;;;;;;;;;;;;;;;;;
;;;;;;;;;;;;;;;;;;;;;;;
;;;;;;;;;;;;;;;;;;;;;;;
;;;;;;;;;;;;;;;;;;;;;;;
;;;;;;;;;;;;;;;;;;;;;;;
;;;;;;;;;;;;;;;;;;;;;;;
;;;;;;;;;;;;;;;;;;;;;;;
;;;;;;;;;;;;;;;;;;;;;;;
;;;;;;;;;;;;;;;;;;;;;;;
;;;;;;;;;;;;;;;;;;;;;;;
;;;;;;;;;;;;;;;;;;;;;;;
;;;;;;;;;;;;;;;;;;;;;;;
;;;;;;;;;;;;;;;;;;;;;;;
;;;;;;;;;;;;;;;;;;;;;;;
;;;;;;;;;;;;;;;;;;;;;;;
;;;;;;;;;;;;;;;;;;;;;;;
;;;;;;;;;;;;;;;;;;;;;;;
;;;;;;;;;;;;;;;;;;;;;;;
;;;;;;;;;;;;;;;;;;;;;;;
;;;;;;;;;;;;;;;;;;;;;;;
;;;;;;;;;;;;;;;;;;;;;;;
;;;;;;;;;;;;;;;;;;;;;;;
;;;;;;;;;;;;;;;;;;;;;;;
;;;;;;;;;;;;;;;;;;;;;;;
;;;;;;;;;;;;;;;;;;;;;;;
;;;;;;;;;;;;;;;;;;;;;;;
;;;;;;;;;;;;;;;;;;;;;;;
;;;;;;;;;;;;;;;;;;;;;;;
;;;;;;;;;;;;;;;;;;;;;;;
;;;;;;;;;;;;;;;;;;;;;;;
;;;;;;;;;;;;;;;;;;;;;;;
;;;;;;;;;;;;;;;;;;;;;;;
;;;;;;;;;;;;;;;;;;;;;;;
;;;;;;;;;;;;;;;;;;;;;;;
;;;;;;;;;;;;;;;;;;;;;;;
;;;;;;;;;;;;;;;;;;;;;;;
;;;;;;;;;;;;;;;;;;;;;;;
;;;;;;;;;;;;;;;;;;;;;;;
;;;;;;;;;;;;;;;;;;;;;;;
;;;;;;;;;;;;;;;;;;;;;;;
;;;;;;;;;;;;;;;;;;;;;;;
;;;;;;;;;;;;;;;;;;;;;;;
;;;;;;;;;;;;;;;;;;;;;;;
;;;;;;;;;;;;;;;;;;;;;;;
;;;;;;;;;;;;;;;;;;;;;;;
;;;;;;;;;;;;;;;;;;;;;;;
;;;;;;;;;;;;;;;;;;;;;;;
;;;;;;;;;;;;;;;;;;;;;;;
;;;;;;;;;;;;;;;;;;;;;;;
;;;;;;;;;;;;;;;;;;;;;;;
;;;;;;;;;;;;;;;;;;;;;;;
;;;;;;;;;;;;;;;;;;;;;;;
;;;;;;;;;;;;;;;;;;;;;;;
;;;;;;;;;;;;;;;;;;;;;;;
;;;;;;;;;;;;;;;;;;;;;;;
;;;;;;;;;;;;;;;;;;;;;;;
;;;;;;;;;;;;;;;;;;;;;;;
;;;;;;;;;;;;;;;;;;;;;;;
;;;;;;;;;;;;;;;;;;;;;;;
;;;;;;;;;;;;;;;;;;;;;;;
;;;;;;;;;;;;;;;;;;;;;;;
;;;;;;;;;;;;;;;;;;;;;;;
;;;;;;;;;;;;;;;;;;;;;;;
;;;;;;;;;;;;;;;;;;;;;;;
;;;;;;;;;;;;;;;;;;;;;;;
;;;;;;;;;;;;;;;;;;;;;;;
;;;;;;;;;;;;;;;;;;;;;;;
;;;;;;;;;;;;;;;;;;;;;;;
;;;;;;;;;;;;;;;;;;;;;;;
;;;;;;;;;;;;;;;;;;;;;;;
;;;;;;;;;;;;;;;;;;;;;;;
;;;;;;;;;;;;;;;;;;;;;;;
;;;;;;;;;;;;;;;;;;;;;;;
;;;;;;;;;;;;;;;;;;;;;;;
;;;;;;;;;;;;;;;;;;;;;;;
;;;;;;;;;;;;;;;;;;;;;;;
;;;;;;;;;;;;;;;;;;;;;;;
;;;;;;;;;;;;;;;;;;;;;;;
;;;;;;;;;;;;;;;;;;;;;;;
;;;;;;;;;;;;;;;;;;;;;;;
;;;;;;;;;;;;;;;;;;;;;;;
;;;;;;;;;;;;;;;;;;;;;;;
;;;;;;;;;;;;;;;;;;;;;;;
;;;;;;;;;;;;;;;;;;;;;;;
;;;;;;;;;;;;;;;;;;;;;;;
;;;;;;;;;;;;;;;;;;;;;;;
;;;;;;;;;;;;;;;;;;;;;;;
;;;;;;;;;;;;;;;;;;;;;;;
;;;;;;;;;;;;;;;;;;;;;;;
;;;;;;;;;;;;;;;;;;;;;;;
;;;;;;;;;;;;;;;;;;;;;;;
;;;;;;;;;;;;;;;;;;;;;;;
;;;;;;;;;;;;;;;;;;;;;;;
;;;;;;;;;;;;;;;;;;;;;;;
;;;;;;;;;;;;;;;;;;;;;;;
;;;;;;;;;;;;;;;;;;;;;;;
;;;;;;;;;;;;;;;;;;;;;;;
;;;;;;;;;;;;;;;;;;;;;;;
;;;;;;;;;;;;;;;;;;;;;;;
;;;;;;;;;;;;;;;;;;;;;;;
;;;;;;;;;;;;;;;;;;;;;;;
;;;;;;;;;;;;;;;;;;;;;;;
;;;;;;;;;;;;;;;;;;;;;;;
;;;;;;;;;;;;;;;;;;;;;;;
;;;;;;;;;;;;;;;;;;;;;;;
;;;;;;;;;;;;;;;;;;;;;;;
;;;;;;;;;;;;;;;;;;;;;;;
;;;;;;;;;;;;;;;;;;;;;;;
;;;;;;;;;;;;;;;;;;;;;;;
;;;;;;;;;;;;;;;;;;;;;;;
;;;;;;;;;;;;;;;;;;;;;;;
;;;;;;;;;;;;;;;;;;;;;;;
;;;;;;;;;;;;;;;;;;;;;;;
;;;;;;;;;;;;;;;;;;;;;;;
;;;;;;;;;;;;;;;;;;;;;;;
;;;;;;;;;;;;;;;;;;;;;;;
;;;;;;;;;;;;;;;;;;;;;;;
;;;;;;;;;;;;;;;;;;;;;;;
;;;;;;;;;;;;;;;;;;;;;;;
;;;;;;;;;;;;;;;;;;;;;;;
;;;;;;;;;;;;;;;;;;;;;;;
;;;;;;;;;;;;;;;;;;;;;;;
;;;;;;;;;;;;;;;;;;;;;;;
;;;;;;;;;;;;;;;;;;;;;;;
;;;;;;;;;;;;;;;;;;;;;;;
;;;;;;;;;;;;;;;;;;;;;;;
;;;;;;;;;;;;;;;;;;;;;;;
;;;;;;;;;;;;;;;;;;;;;;;
;;;;;;;;;;;;;;;;;;;;;;;
;;;;;;;;;;;;;;;;;;;;;;;
;;;;;;;;;;;;;;;;;;;;;;;
;;;;;;;;;;;;;;;;;;;;;;;
;;;;;;;;;;;;;;;;;;;;;;;
;;;;;;;;;;;;;;;;;;;;;;;
;;;;;;;;;;;;;;;;;;;;;;;
;;;;;;;;;;;;;;;;;;;;;;;
;;;;;;;;;;;;;;;;;;;;;;;
;;;;;;;;;;;;;;;;;;;;;;;
;;;;;;;;;;;;;;;;;;;;;;;
;;;;;;;;;;;;;;;;;;;;;;;
;;;;;;;;;;;;;;;;;;;;;;;
;;;;;;;;;;;;;;;;;;;;;;;
;;;;;;;;;;;;;;;;;;;;;;;
;;;;;;;;;;;;;;;;;;;;;;;
;;;;;;;;;;;;;;;;;;;;;;;
;;;;;;;;;;;;;;;;;;;;;;;
;;;;;;;;;;;;;;;;;;;;;;;
;;;;;;;;;;;;;;;;;;;;;;;
;;;;;;;;;;;;;;;;;;;;;;;
;;;;;;;;;;;;;;;;;;;;;;;
;;;;;;;;;;;;;;;;;;;;;;;
;;;;;;;;;;;;;;;;;;;;;;;
;;;;;;;;;;;;;;;;;;;;;;;
;;;;;;;;;;;;;;;;;;;;;;;
;;;;;;;;;;;;;;;;;;;;;;;
;;;;;;;;;;;;;;;;;;;;;;;
;;;;;;;;;;;;;;;;;;;;;;;
;;;;;;;;;;;;;;;;;;;;;;;
;;;;;;;;;;;;;;;;;;;;;;;
;;;;;;;;;;;;;;;;;;;;;;;
;;;;;;;;;;;;;;;;;;;;;;;
;;;;;;;;;;;;;;;;;;;;;;;
;;;;;;;;;;;;;;;;;;;;;;;
;;;;;;;;;;;;;;;;;;;;;;;
;;;;;;;;;;;;;;;;;;;;;;;
;;;;;;;;;;;;;;;;;;;;;;;
;;;;;;;;;;;;;;;;;;;;;;;
;;;;;;;;;;;;;;;;;;;;;;;
;;;;;;;;;;;;;;;;;;;;;;;
;;;;;;;;;;;;;;;;;;;;;;;
;;;;;;;;;;;;;;;;;;;;;;;
;;;;;;;;;;;;;;;;;;;;;;;
;;;;;;;;;;;;;;;;;;;;;;;
;;;;;;;;;;;;;;;;;;;;;;;
;;;;;;;;;;;;;;;;;;;;;;;
;;;;;;;;;;;;;;;;;;;;;;;
;;;;;;;;;;;;;;;;;;;;;;;
;;;;;;;;;;;;;;;;;;;;;;;
;;;;;;;;;;;;;;;;;;;;;;;
;;;;;;;;;;;;;;;;;;;;;;;
;;;;;;;;;;;;;;;;;;;;;;;
;;;;;;;;;;;;;;;;;;;;;;;
;;;;;;;;;;;;;;;;;;;;;;;
;;;;;;;;;;;;;;;;;;;;;;;
;;;;;;;;;;;;;;;;;;;;;;;
;;;;;;;;;;;;;;;;;;;;;;;
;;;;;;;;;;;;;;;;;;;;;;;
;;;;;;;;;;;;;;;;;;;;;;;
;;;;;;;;;;;;;;;;;;;;;;;
;;;;;;;;;;;;;;;;;;;;;;;
;;;;;;;;;;;;;;;;;;;;;;;
;;;;;;;;;;;;;;;;;;;;;;;
;;;;;;;;;;;;;;;;;;;;;;;
;;;;;;;;;;;;;;;;;;;;;;;
;;;;;;;;;;;;;;;;;;;;;;;
;;;;;;;;;;;;;;;;;;;;;;;
;;;;;;;;;;;;;;;;;;;;;;;
;;;;;;;;;;;;;;;;;;;;;;;
;;;;;;;;;;;;;;;;;;;;;;;
;;;;;;;;;;;;;;;;;;;;;;;
;;;;;;;;;;;;;;;;;;;;;;;
;;;;;;;;;;;;;;;;;;;;;;;
;;;;;;;;;;;;;;;;;;;;;;;
;;;;;;;;;;;;;;;;;;;;;;;
;;;;;;;;;;;;;;;;;;;;;;;
;;;;;;;;;;;;;;;;;;;;;;;
;;;;;;;;;;;;;;;;;;;;;;;
;;;;;;;;;;;;;;;;;;;;;;;
;;;;;;;;;;;;;;;;;;;;;;;
;;;;;;;;;;;;;;;;;;;;;;;
;;;;;;;;;;;;;;;;;;;;;;;
;;;;;;;;;;;;;;;;;;;;;;;
;;;;;;;;;;;;;;;;;;;;;;;
;;;;;;;;;;;;;;;;;;;;;;;
;;;;;;;;;;;;;;;;;;;;;;;
;;;;;;;;;;;;;;;;;;;;;;;
;;;;;;;;;;;;;;;;;;;;;;;
;;;;;;;;;;;;;;;;;;;;;;;
;;;;;;;;;;;;;;;;;;;;;;;
;;;;;;;;;;;;;;;;;;;;;;;
;;;;;;;;;;;;;;;;;;;;;;;
;;;;;;;;;;;;;;;;;;;;;;;
;;;;;;;;;;;;;;;;;;;;;;;
;;;;;;;;;;;;;;;;;;;;;;;
;;;;;;;;;;;;;;;;;;;;;;;
;;;;;;;;;;;;;;;;;;;;;;;
;;;;;;;;;;;;;;;;;;;;;;;
;;;;;;;;;;;;;;;;;;;;;;;
;;;;;;;;;;;;;;;;;;;;;;;
;;;;;;;;;;;;;;;;;;;;;;;
;;;;;;;;;;;;;;;;;;;;;;;
;;;;;;;;;;;;;;;;;;;;;;;
;;;;;;;;;;;;;;;;;;;;;;;
;;;;;;;;;;;;;;;;;;;;;;;
;;;;;;;;;;;;;;;;;;;;;;;
;;;;;;;;;;;;;;;;;;;;;;;
;;;;;;;;;;;;;;;;;;;;;;;
;;;;;;;;;;;;;;;;;;;;;;;
;;;;;;;;;;;;;;;;;;;;;;;
;;;;;;;;;;;;;;;;;;;;;;;
;;;;;;;;;;;;;;;;;;;;;;;
;;;;;;;;;;;;;;;;;;;;;;;
;;;;;;;;;;;;;;;;;;;;;;;
;;;;;;;;;;;;;;;;;;;;;;;
;;;;;;;;;;;;;;;;;;;;;;;
;;;;;;;;;;;;;;;;;;;;;;;
;;;;;;;;;;;;;;;;;;;;;;;
;;;;;;;;;;;;;;;;;;;;;;;
;;;;;;;;;;;;;;;;;;;;;;;
;;;;;;;;;;;;;;;;;;;;;;;
;;;;;;;;;;;;;;;;;;;;;;;
;;;;;;;;;;;;;;;;;;;;;;;
;;;;;;;;;;;;;;;;;;;;;;;
;;;;;;;;;;;;;;;;;;;;;;;
;;;;;;;;;;;;;;;;;;;;;;;
;;;;;;;;;;;;;;;;;;;;;;;
;;;;;;;;;;;;;;;;;;;;;;;
;;;;;;;;;;;;;;;;;;;;;;;
;;;;;;;;;;;;;;;;;;;;;;;
;;;;;;;;;;;;;;;;;;;;;;;
;;;;;;;;;;;;;;;;;;;;;;;
;;;;;;;;;;;;;;;;;;;;;;;
;;;;;;;;;;;;;;;;;;;;;;;
;;;;;;;;;;;;;;;;;;;;;;;
;;;;;;;;;;;;;;;;;;;;;;;
;;;;;;;;;;;;;;;;;;;;;;;
;;;;;;;;;;;;;;;;;;;;;;;
;;;;;;;;;;;;;;;;;;;;;;;
;;;;;;;;;;;;;;;;;;;;;;;
;;;;;;;;;;;;;;;;;;;;;;;
;;;;;;;;;;;;;;;;;;;;;;;
;;;;;;;;;;;;;;;;;;;;;;;
;;;;;;;;;;;;;;;;;;;;;;;
;;;;;;;;;;;;;;;;;;;;;;;
;;;;;;;;;;;;;;;;;;;;;;;
;;;;;;;;;;;;;;;;;;;;;;;
;;;;;;;;;;;;;;;;;;;;;;;
;;;;;;;;;;;;;;;;;;;;;;;
;;;;;;;;;;;;;;;;;;;;;;;
;;;;;;;;;;;;;;;;;;;;;;;
;;;;;;;;;;;;;;;;;;;;;;;
;;;;;;;;;;;;;;;;;;;;;;;
;;;;;;;;;;;;;;;;;;;;;;;
;;;;;;;;;;;;;;;;;;;;;;;
;;;;;;;;;;;;;;;;;;;;;;;
;;;;;;;;;;;;;;;;;;;;;;;
;;;;;;;;;;;;;;;;;;;;;;;
;;;;;;;;;;;;;;;;;;;;;;;
;;;;;;;;;;;;;;;;;;;;;;;
;;;;;;;;;;;;;;;;;;;;;;;
;;;;;;;;;;;;;;;;;;;;;;;
;;;;;;;;;;;;;;;;;;;;;;;
;;;;;;;;;;;;;;;;;;;;;;;
;;;;;;;;;;;;;;;;;;;;;;;
;;;;;;;;;;;;;;;;;;;;;;;
;;;;;;;;;;;;;;;;;;;;;;;
;;;;;;;;;;;;;;;;;;;;;;;
;;;;;;;;;;;;;;;;;;;;;;;
;;;;;;;;;;;;;;;;;;;;;;;
;;;;;;;;;;;;;;;;;;;;;;;
;;;;;;;;;;;;;;;;;;;;;;;
;;;;;;;;;;;;;;;;;;;;;;;
;;;;;;;;;;;;;;;;;;;;;;;
;;;;;;;;;;;;;;;;;;;;;;;
;;;;;;;;;;;;;;;;;;;;;;;
;;;;;;;;;;;;;;;;;;;;;;;
;;;;;;;;;;;;;;;;;;;;;;;
;;;;;;;;;;;;;;;;;;;;;;;
;;;;;;;;;;;;;;;;;;;;;;;
;;;;;;;;;;;;;;;;;;;;;;;
;;;;;;;;;;;;;;;;;;;;;;;
;;;;;;;;;;;;;;;;;;;;;;;
;;;;;;;;;;;;;;;;;;;;;;;
;;;;;;;;;;;;;;;;;;;;;;;
;;;;;;;;;;;;;;;;;;;;;;;
;;;;;;;;;;;;;;;;;;;;;;;
;;;;;;;;;;;;;;;;;;;;;;;
;;;;;;;;;;;;;;;;;;;;;;;
;;;;;;;;;;;;;;;;;;;;;;;
;;;;;;;;;;;;;;;;;;;;;;;
;;;;;;;;;;;;;;;;;;;;;;;
;;;;;;;;;;;;;;;;;;;;;;;
;;;;;;;;;;;;;;;;;;;;;;;
;;;;;;;;;;;;;;;;;;;;;;;
;;;;;;;;;;;;;;;;;;;;;;;
;;;;;;;;;;;;;;;;;;;;;;;
;;;;;;;;;;;;;;;;;;;;;;;
;;;;;;;;;;;;;;;;;;;;;;;
;;;;;;;;;;;;;;;;;;;;;;;
;;;;;;;;;;;;;;;;;;;;;;;
;;;;;;;;;;;;;;;;;;;;;;;
;;;;;;;;;;;;;;;;;;;;;;;
;;;;;;;;;;;;;;;;;;;;;;;
;;;;;;;;;;;;;;;;;;;;;;;
;;;;;;;;;;;;;;;;;;;;;;;
;;;;;;;;;;;;;;;;;;;;;;;
;;;;;;;;;;;;;;;;;;;;;;;
;;;;;;;;;;;;;;;;;;;;;;;
;;;;;;;;;;;;;;;;;;;;;;;
;;;;;;;;;;;;;;;;;;;;;;;
;;;;;;;;;;;;;;;;;;;;;;;
;;;;;;;;;;;;;;;;;;;;;;;
;;;;;;;;;;;;;;;;;;;;;;;
;;;;;;;;;;;;;;;;;;;;;;;
;;;;;;;;;;;;;;;;;;;;;;;
;;;;;;;;;;;;;;;;;;;;;;;
;;;;;;;;;;;;;;;;;;;;;;;
;;;;;;;;;;;;;;;;;;;;;;;
;;;;;;;;;;;;;;;;;;;;;;;
;;;;;;;;;;;;;;;;;;;;;;;
;;;;;;;;;;;;;;;;;;;;;;;
;;;;;;;;;;;;;;;;;;;;;;;
;;;;;;;;;;;;;;;;;;;;;;;
;;;;;;;;;;;;;;;;;;;;;;;
;;;;;;;;;;;;;;;;;;;;;;;
;;;;;;;;;;;;;;;;;;;;;;;
;;;;;;;;;;;;;;;;;;;;;;;
;;;;;;;;;;;;;;;;;;;;;;;
;;;;;;;;;;;;;;;;;;;;;;;
;;;;;;;;;;;;;;;;;;;;;;;
;;;;;;;;;;;;;;;;;;;;;;;
;;;;;;;;;;;;;;;;;;;;;;;
;;;;;;;;;;;;;;;;;;;;;;;
;;;;;;;;;;;;;;;;;;;;;;;
;;;;;;;;;;;;;;;;;;;;;;;
;;;;;;;;;;;;;;;;;;;;;;;
;;;;;;;;;;;;;;;;;;;;;;;
;;;;;;;;;;;;;;;;;;;;;;;
;;;;;;;;;;;;;;;;;;;;;;;
;;;;;;;;;;;;;;;;;;;;;;;
;;;;;;;;;;;;;;;;;;;;;;;
;;;;;;;;;;;;;;;;;;;;;;;
;;;;;;;;;;;;;;;;;;;;;;;
;;;;;;;;;;;;;;;;;;;;;;;
;;;;;;;;;;;;;;;;;;;;;;;
;;;;;;;;;;;;;;;;;;;;;;;
;;;;;;;;;;;;;;;;;;;;;;;
;;;;;;;;;;;;;;;;;;;;;;;
;;;;;;;;;;;;;;;;;;;;;;;
;;;;;;;;;;;;;;;;;;;;;;;
;;;;;;;;;;;;;;;;;;;;;;;
;;;;;;;;;;;;;;;;;;;;;;;
;;;;;;;;;;;;;;;;;;;;;;;
;;;;;;;;;;;;;;;;;;;;;;;
;;;;;;;;;;;;;;;;;;;;;;;
;;;;;;;;;;;;;;;;;;;;;;;
;;;;;;;;;;;;;;;;;;;;;;;
;;;;;;;;;;;;;;;;;;;;;;;
;;;;;;;;;;;;;;;;;;;;;;;
;;;;;;;;;;;;;;;;;;;;;;;
;;;;;;;;;;;;;;;;;;;;;;;
;;;;;;;;;;;;;;;;;;;;;;;
;;;;;;;;;;;;;;;;;;;;;;;
;;;;;;;;;;;;;;;;;;;;;;;
;;;;;;;;;;;;;;;;;;;;;;;
;;;;;;;;;;;;;;;;;;;;;;;
;;;;;;;;;;;;;;;;;;;;;;;
;;;;;;;;;;;;;;;;;;;;;;;
;;;;;;;;;;;;;;;;;;;;;;;
;;;;;;;;;;;;;;;;;;;;;;;
;;;;;;;;;;;;;;;;;;;;;;;
;;;;;;;;;;;;;;;;;;;;;;;
;;;;;;;;;;;;;;;;;;;;;;;
;;;;;;;;;;;;;;;;;;;;;;;
;;;;;;;;;;;;;;;;;;;;;;;
;;;;;;;;;;;;;;;;;;;;;;;
;;;;;;;;;;;;;;;;;;;;;;;
;;;;;;;;;;;;;;;;;;;;;;;
;;;;;;;;;;;;;;;;;;;;;;;
;;;;;;;;;;;;;;;;;;;;;;;
;;;;;;;;;;;;;;;;;;;;;;;
;;;;;;;;;;;;;;;;;;;;;;;
;;;;;;;;;;;;;;;;;;;;;;;
;;;;;;;;;;;;;;;;;;;;;;;
;;;;;;;;;;;;;;;;;;;;;;;
;;;;;;;;;;;;;;;;;;;;;;;
;;;;;;;;;;;;;;;;;;;;;;;
;;;;;;;;;;;;;;;;;;;;;;;
;;;;;;;;;;;;;;;;;;;;;;;
;;;;;;;;;;;;;;;;;;;;;;;
;;;;;;;;;;;;;;;;;;;;;;;
;;;;;;;;;;;;;;;;;;;;;;;
;;;;;;;;;;;;;;;;;;;;;;;
;;;;;;;;;;;;;;;;;;;;;;;
;;;;;;;;;;;;;;;;;;;;;;;
;;;;;;;;;;;;;;;;;;;;;;;
;;;;;;;;;;;;;;;;;;;;;;;
;;;;;;;;;;;;;;;;;;;;;;;
;;;;;;;;;;;;;;;;;;;;;;;
;;;;;;;;;;;;;;;;;;;;;;;
;;;;;;;;;;;;;;;;;;;;;;;
;;;;;;;;;;;;;;;;;;;;;;;
;;;;;;;;;;;;;;;;;;;;;;;
;;;;;;;;;;;;;;;;;;;;;;;
;;;;;;;;;;;;;;;;;;;;;;;
;;;;;;;;;;;;;;;;;;;;;;;
;;;;;;;;;;;;;;;;;;;;;;;
;;;;;;;;;;;;;;;;;;;;;;;
;;;;;;;;;;;;;;;;;;;;;;;
;;;;;;;;;;;;;;;;;;;;;;;
;;;;;;;;;;;;;;;;;;;;;;;
;;;;;;;;;;;;;;;;;;;;;;;
;;;;;;;;;;;;;;;;;;;;;;;
;;;;;;;;;;;;;;;;;;;;;;;
;;;;;;;;;;;;;;;;;;;;;;;
;;;;;;;;;;;;;;;;;;;;;;;
;;;;;;;;;;;;;;;;;;;;;;;
;;;;;;;;;;;;;;;;;;;;;;;
;;;;;;;;;;;;;;;;;;;;;;;
;;;;;;;;;;;;;;;;;;;;;;;
;;;;;;;;;;;;;;;;;;;;;;;
;;;;;;;;;;;;;;;;;;;;;;;
;;;;;;;;;;;;;;;;;;;;;;;
;;;;;;;;;;;;;;;;;;;;;;;
;;;;;;;;;;;;;;;;;;;;;;;
;;;;;;;;;;;;;;;;;;;;;;;
;;;;;;;;;;;;;;;;;;;;;;;
;;;;;;;;;;;;;;;;;;;;;;;
;;;;;;;;;;;;;;;;;;;;;;;
;;;;;;;;;;;;;;;;;;;;;;;
;;;;;;;;;;;;;;;;;;;;;;;
;;;;;;;;;;;;;;;;;;;;;;;
;;;;;;;;;;;;;;;;;;;;;;;
;;;;;;;;;;;;;;;;;;;;;;;
;;;;;;;;;;;;;;;;;;;;;;;
;;;;;;;;;;;;;;;;;;;;;;;
;;;;;;;;;;;;;;;;;;;;;;;
;;;;;;;;;;;;;;;;;;;;;;;
;;;;;;;;;;;;;;;;;;;;;;;
;;;;;;;;;;;;;;;;;;;;;;;
;;;;;;;;;;;;;;;;;;;;;;;
;;;;;;;;;;;;;;;;;;;;;;;
;;;;;;;;;;;;;;;;;;;;;;;
;;;;;;;;;;;;;;;;;;;;;;;
;;;;;;;;;;;;;;;;;;;;;;;
;;;;;;;;;;;;;;;;;;;;;;;
;;;;;;;;;;;;;;;;;;;;;;;
;;;;;;;;;;;;;;;;;;;;;;;
;;;;;;;;;;;;;;;;;;;;;;;
;;;;;;;;;;;;;;;;;;;;;;;
;;;;;;;;;;;;;;;;;;;;;;;
;;;;;;;;;;;;;;;;;;;;;;;
